Financial_Year,Tax_Gap_Billion,Source_Publication_Year,Tax_Type
2005-06,1.8,2022,Macro Tax Summary - Corporation Tax (Breakdown 1)
2005-06,1.8,2023,Macro Tax Summary - Corporation Tax (Breakdown 1)
2005-06,1.8,2025,Macro Tax Summary - Corporation Tax (Breakdown 1)
2006-07,1.3,2022,Macro Tax Summary - Corporation Tax (Breakdown 1)
2006-07,1.4,2023,Macro Tax Summary - Corporation Tax (Breakdown 1)
2006-07,1.4,2025,Macro Tax Summary - Corporation Tax (Breakdown 1)
2007-08,1.4,2022,Macro Tax Summary - Corporation Tax (Breakdown 1)
2007-08,1.6,2023,Macro Tax Summary - Corporation Tax (Breakdown 1)
2007-08,1.6,2025,Macro Tax Summary - Corporation Tax (Breakdown 1)
2008-09,1.5,2022,Macro Tax Summary - Corporation Tax (Breakdown 1)
2008-09,1.6,2023,Macro Tax Summary - Corporation Tax (Breakdown 1)
2008-09,1.6,2025,Macro Tax Summary - Corporation Tax (Breakdown 1)
2009-10,1.5,2022,Macro Tax Summary - Corporation Tax (Breakdown 1)
2009-10,1.5,2023,Macro Tax Summary - Corporation Tax (Breakdown 1)
2009-10,1.5,2025,Macro Tax Summary - Corporation Tax (Breakdown 1)
2010-11,1.3,2022,Macro Tax Summary - Corporation Tax (Breakdown 1)
2010-11,1.3,2023,Macro Tax Summary - Corporation Tax (Breakdown 1)
2010-11,1.3,2025,Macro Tax Summary - Corporation Tax (Breakdown 1)
2011-12,1.2,2022,Macro Tax Summary - Corporation Tax (Breakdown 1)
2011-12,1.1,2023,Macro Tax Summary - Corporation Tax (Breakdown 1)
2011-12,1.2,2025,Macro Tax Summary - Corporation Tax (Breakdown 1)
2012-13,1.8,2022,Macro Tax Summary - Corporation Tax (Breakdown 1)
2012-13,1.8,2023,Macro Tax Summary - Corporation Tax (Breakdown 1)
2012-13,1.9,2025,Macro Tax Summary - Corporation Tax (Breakdown 1)
2013-14,2.1,2022,Macro Tax Summary - Corporation Tax (Breakdown 1)
2013-14,2.1,2023,Macro Tax Summary - Corporation Tax (Breakdown 1)
2013-14,2.0,2025,Macro Tax Summary - Corporation Tax (Breakdown 1)
2014-15,2.4,2022,Macro Tax Summary - Corporation Tax (Breakdown 1)
2014-15,2.7,2023,Macro Tax Summary - Corporation Tax (Breakdown 1)
2014-15,2.4,2025,Macro Tax Summary - Corporation Tax (Breakdown 1)
2015-16,2.7,2022,Macro Tax Summary - Corporation Tax (Breakdown 1)
2015-16,2.7,2023,Macro Tax Summary - Corporation Tax (Breakdown 1)
2015-16,2.7,2025,Macro Tax Summary - Corporation Tax (Breakdown 1)
2016-17,3.0,2022,Macro Tax Summary - Corporation Tax (Breakdown 1)
2016-17,3.0,2023,Macro Tax Summary - Corporation Tax (Breakdown 1)
2016-17,3.1,2025,Macro Tax Summary - Corporation Tax (Breakdown 1)
2017-18,3.4,2022,Macro Tax Summary - Corporation Tax (Breakdown 1)
2017-18,3.5,2023,Macro Tax Summary - Corporation Tax (Breakdown 1)
2017-18,3.3,2025,Macro Tax Summary - Corporation Tax (Breakdown 1)
2018-19,3.6,2022,Macro Tax Summary - Corporation Tax (Breakdown 1)
2018-19,3.7,2023,Macro Tax Summary - Corporation Tax (Breakdown 1)
2018-19,4.1,2025,Macro Tax Summary - Corporation Tax (Breakdown 1)
2019-20,3.6,2022,Macro Tax Summary - Corporation Tax (Breakdown 1)
2019-20,6.0,2023,Macro Tax Summary - Corporation Tax (Breakdown 1)
2019-20,7.2,2025,Macro Tax Summary - Corporation Tax (Breakdown 1)
2020-21,3.7,2022,Macro Tax Summary - Corporation Tax (Breakdown 1)
2020-21,6.9,2023,Macro Tax Summary - Corporation Tax (Breakdown 1)
2020-21,8.4,2025,Macro Tax Summary - Corporation Tax (Breakdown 1)
2021-22,8.4,2023,Macro Tax Summary - Corporation Tax (Breakdown 1)
2021-22,11.6,2025,Macro Tax Summary - Corporation Tax (Breakdown 1)
2022-23,12.3,2025,Macro Tax Summary - Corporation Tax (Breakdown 1)
2023-24,14.7,2025,Macro Tax Summary - Corporation Tax (Breakdown 1)
2005-06,0.8,2022,Macro Tax Summary - Corporation Tax (Breakdown 2)
2005-06,0.8,2023,Macro Tax Summary - Corporation Tax (Breakdown 2)
2005-06,0.8,2025,Macro Tax Summary - Corporation Tax (Breakdown 2)
2006-07,0.8,2022,Macro Tax Summary - Corporation Tax (Breakdown 2)
2006-07,0.8,2023,Macro Tax Summary - Corporation Tax (Breakdown 2)
2006-07,0.8,2025,Macro Tax Summary - Corporation Tax (Breakdown 2)
2007-08,0.8,2022,Macro Tax Summary - Corporation Tax (Breakdown 2)
2007-08,0.8,2023,Macro Tax Summary - Corporation Tax (Breakdown 2)
2007-08,0.8,2025,Macro Tax Summary - Corporation Tax (Breakdown 2)
2008-09,0.9,2022,Macro Tax Summary - Corporation Tax (Breakdown 2)
2008-09,0.9,2023,Macro Tax Summary - Corporation Tax (Breakdown 2)
2008-09,0.9,2025,Macro Tax Summary - Corporation Tax (Breakdown 2)
2009-10,0.9,2022,Macro Tax Summary - Corporation Tax (Breakdown 2)
2009-10,0.9,2023,Macro Tax Summary - Corporation Tax (Breakdown 2)
2009-10,0.9,2025,Macro Tax Summary - Corporation Tax (Breakdown 2)
2010-11,0.8,2022,Macro Tax Summary - Corporation Tax (Breakdown 2)
2010-11,0.8,2023,Macro Tax Summary - Corporation Tax (Breakdown 2)
2010-11,0.8,2025,Macro Tax Summary - Corporation Tax (Breakdown 2)
2011-12,0.6,2022,Macro Tax Summary - Corporation Tax (Breakdown 2)
2011-12,0.6,2023,Macro Tax Summary - Corporation Tax (Breakdown 2)
2011-12,0.6,2025,Macro Tax Summary - Corporation Tax (Breakdown 2)
2012-13,0.8,2022,Macro Tax Summary - Corporation Tax (Breakdown 2)
2012-13,0.8,2023,Macro Tax Summary - Corporation Tax (Breakdown 2)
2012-13,0.8,2025,Macro Tax Summary - Corporation Tax (Breakdown 2)
2013-14,0.8,2022,Macro Tax Summary - Corporation Tax (Breakdown 2)
2013-14,0.8,2023,Macro Tax Summary - Corporation Tax (Breakdown 2)
2013-14,0.8,2025,Macro Tax Summary - Corporation Tax (Breakdown 2)
2014-15,1.3,2022,Macro Tax Summary - Corporation Tax (Breakdown 2)
2014-15,1.3,2023,Macro Tax Summary - Corporation Tax (Breakdown 2)
2014-15,1.4,2025,Macro Tax Summary - Corporation Tax (Breakdown 2)
2015-16,1.1,2022,Macro Tax Summary - Corporation Tax (Breakdown 2)
2015-16,1.1,2023,Macro Tax Summary - Corporation Tax (Breakdown 2)
2015-16,0.9,2025,Macro Tax Summary - Corporation Tax (Breakdown 2)
2016-17,1.4,2022,Macro Tax Summary - Corporation Tax (Breakdown 2)
2016-17,1.4,2023,Macro Tax Summary - Corporation Tax (Breakdown 2)
2016-17,1.2,2025,Macro Tax Summary - Corporation Tax (Breakdown 2)
2017-18,1.5,2022,Macro Tax Summary - Corporation Tax (Breakdown 2)
2017-18,1.5,2023,Macro Tax Summary - Corporation Tax (Breakdown 2)
2017-18,1.2,2025,Macro Tax Summary - Corporation Tax (Breakdown 2)
2018-19,1.5,2022,Macro Tax Summary - Corporation Tax (Breakdown 2)
2018-19,1.4,2023,Macro Tax Summary - Corporation Tax (Breakdown 2)
2018-19,1.1,2025,Macro Tax Summary - Corporation Tax (Breakdown 2)
2019-20,1.3,2022,Macro Tax Summary - Corporation Tax (Breakdown 2)
2019-20,1.1,2023,Macro Tax Summary - Corporation Tax (Breakdown 2)
2019-20,1.1,2025,Macro Tax Summary - Corporation Tax (Breakdown 2)
2020-21,1.3,2022,Macro Tax Summary - Corporation Tax (Breakdown 2)
2020-21,1.3,2023,Macro Tax Summary - Corporation Tax (Breakdown 2)
2020-21,1.0,2025,Macro Tax Summary - Corporation Tax (Breakdown 2)
2021-22,1.5,2023,Macro Tax Summary - Corporation Tax (Breakdown 2)
2021-22,1.2,2025,Macro Tax Summary - Corporation Tax (Breakdown 2)
2022-23,1.3,2025,Macro Tax Summary - Corporation Tax (Breakdown 2)
2023-24,1.5,2025,Macro Tax Summary - Corporation Tax (Breakdown 2)
2005-06,2.9,2022,Macro Tax Summary - Corporation Tax (Breakdown 3)
2005-06,2.9,2023,Macro Tax Summary - Corporation Tax (Breakdown 3)
2005-06,2.9,2025,Macro Tax Summary - Corporation Tax (Breakdown 3)
2006-07,2.7,2022,Macro Tax Summary - Corporation Tax (Breakdown 3)
2006-07,2.7,2023,Macro Tax Summary - Corporation Tax (Breakdown 3)
2006-07,2.7,2025,Macro Tax Summary - Corporation Tax (Breakdown 3)
2007-08,2.3,2022,Macro Tax Summary - Corporation Tax (Breakdown 3)
2007-08,2.3,2023,Macro Tax Summary - Corporation Tax (Breakdown 3)
2007-08,2.3,2025,Macro Tax Summary - Corporation Tax (Breakdown 3)
2008-09,2.0,2022,Macro Tax Summary - Corporation Tax (Breakdown 3)
2008-09,2.0,2023,Macro Tax Summary - Corporation Tax (Breakdown 3)
2008-09,2.0,2025,Macro Tax Summary - Corporation Tax (Breakdown 3)
2009-10,1.7,2022,Macro Tax Summary - Corporation Tax (Breakdown 3)
2009-10,1.7,2023,Macro Tax Summary - Corporation Tax (Breakdown 3)
2009-10,1.7,2025,Macro Tax Summary - Corporation Tax (Breakdown 3)
2010-11,1.9,2022,Macro Tax Summary - Corporation Tax (Breakdown 3)
2010-11,1.9,2023,Macro Tax Summary - Corporation Tax (Breakdown 3)
2010-11,1.9,2025,Macro Tax Summary - Corporation Tax (Breakdown 3)
2011-12,1.3,2022,Macro Tax Summary - Corporation Tax (Breakdown 3)
2011-12,1.3,2023,Macro Tax Summary - Corporation Tax (Breakdown 3)
2011-12,1.3,2025,Macro Tax Summary - Corporation Tax (Breakdown 3)
2012-13,0.9,2022,Macro Tax Summary - Corporation Tax (Breakdown 3)
2012-13,0.9,2023,Macro Tax Summary - Corporation Tax (Breakdown 3)
2012-13,0.9,2025,Macro Tax Summary - Corporation Tax (Breakdown 3)
2013-14,0.9,2022,Macro Tax Summary - Corporation Tax (Breakdown 3)
2013-14,0.9,2023,Macro Tax Summary - Corporation Tax (Breakdown 3)
2013-14,0.9,2025,Macro Tax Summary - Corporation Tax (Breakdown 3)
2014-15,0.9,2022,Macro Tax Summary - Corporation Tax (Breakdown 3)
2014-15,0.9,2023,Macro Tax Summary - Corporation Tax (Breakdown 3)
2014-15,0.9,2025,Macro Tax Summary - Corporation Tax (Breakdown 3)
2015-16,1.1,2022,Macro Tax Summary - Corporation Tax (Breakdown 3)
2015-16,1.1,2023,Macro Tax Summary - Corporation Tax (Breakdown 3)
2015-16,1.0,2025,Macro Tax Summary - Corporation Tax (Breakdown 3)
2016-17,1.0,2022,Macro Tax Summary - Corporation Tax (Breakdown 3)
2016-17,1.0,2023,Macro Tax Summary - Corporation Tax (Breakdown 3)
2016-17,0.9,2025,Macro Tax Summary - Corporation Tax (Breakdown 3)
2017-18,0.7,2022,Macro Tax Summary - Corporation Tax (Breakdown 3)
2017-18,0.7,2023,Macro Tax Summary - Corporation Tax (Breakdown 3)
2017-18,0.9,2025,Macro Tax Summary - Corporation Tax (Breakdown 3)
2018-19,0.7,2022,Macro Tax Summary - Corporation Tax (Breakdown 3)
2018-19,0.7,2023,Macro Tax Summary - Corporation Tax (Breakdown 3)
2018-19,1.0,2025,Macro Tax Summary - Corporation Tax (Breakdown 3)
2019-20,0.6,2022,Macro Tax Summary - Corporation Tax (Breakdown 3)
2019-20,0.6,2023,Macro Tax Summary - Corporation Tax (Breakdown 3)
2019-20,1.1,2025,Macro Tax Summary - Corporation Tax (Breakdown 3)
2020-21,0.6,2022,Macro Tax Summary - Corporation Tax (Breakdown 3)
2020-21,0.6,2023,Macro Tax Summary - Corporation Tax (Breakdown 3)
2020-21,1.1,2025,Macro Tax Summary - Corporation Tax (Breakdown 3)
2021-22,0.7,2023,Macro Tax Summary - Corporation Tax (Breakdown 3)
2021-22,1.4,2025,Macro Tax Summary - Corporation Tax (Breakdown 3)
2022-23,1.9,2025,Macro Tax Summary - Corporation Tax (Breakdown 3)
2023-24,2.3,2025,Macro Tax Summary - Corporation Tax (Breakdown 3)
2005-06,5.5,2022,Macro Tax Summary - Corporation Tax (Breakdown 4)
2005-06,5.5,2023,Macro Tax Summary - Corporation Tax (Breakdown 4)
2005-06,5.5,2025,Macro Tax Summary - Corporation Tax (Breakdown 4)
2006-07,4.7,2022,Macro Tax Summary - Corporation Tax (Breakdown 4)
2006-07,4.9,2023,Macro Tax Summary - Corporation Tax (Breakdown 4)
2006-07,4.9,2025,Macro Tax Summary - Corporation Tax (Breakdown 4)
2007-08,4.5,2022,Macro Tax Summary - Corporation Tax (Breakdown 4)
2007-08,4.7,2023,Macro Tax Summary - Corporation Tax (Breakdown 4)
2007-08,4.7,2025,Macro Tax Summary - Corporation Tax (Breakdown 4)
2008-09,4.3,2022,Macro Tax Summary - Corporation Tax (Breakdown 4)
2008-09,4.4,2023,Macro Tax Summary - Corporation Tax (Breakdown 4)
2008-09,4.4,2025,Macro Tax Summary - Corporation Tax (Breakdown 4)
2009-10,4.0,2022,Macro Tax Summary - Corporation Tax (Breakdown 4)
2009-10,4.1,2023,Macro Tax Summary - Corporation Tax (Breakdown 4)
2009-10,4.1,2025,Macro Tax Summary - Corporation Tax (Breakdown 4)
2010-11,4.0,2022,Macro Tax Summary - Corporation Tax (Breakdown 4)
2010-11,3.9,2023,Macro Tax Summary - Corporation Tax (Breakdown 4)
2010-11,4.0,2025,Macro Tax Summary - Corporation Tax (Breakdown 4)
2011-12,3.1,2022,Macro Tax Summary - Corporation Tax (Breakdown 4)
2011-12,3.0,2023,Macro Tax Summary - Corporation Tax (Breakdown 4)
2011-12,3.0,2025,Macro Tax Summary - Corporation Tax (Breakdown 4)
2012-13,3.5,2022,Macro Tax Summary - Corporation Tax (Breakdown 4)
2012-13,3.5,2023,Macro Tax Summary - Corporation Tax (Breakdown 4)
2012-13,3.6,2025,Macro Tax Summary - Corporation Tax (Breakdown 4)
2013-14,3.8,2022,Macro Tax Summary - Corporation Tax (Breakdown 4)
2013-14,3.8,2023,Macro Tax Summary - Corporation Tax (Breakdown 4)
2013-14,3.7,2025,Macro Tax Summary - Corporation Tax (Breakdown 4)
2014-15,4.5,2022,Macro Tax Summary - Corporation Tax (Breakdown 4)
2014-15,4.8,2023,Macro Tax Summary - Corporation Tax (Breakdown 4)
2014-15,4.7,2025,Macro Tax Summary - Corporation Tax (Breakdown 4)
2015-16,4.9,2022,Macro Tax Summary - Corporation Tax (Breakdown 4)
2015-16,5.0,2023,Macro Tax Summary - Corporation Tax (Breakdown 4)
2015-16,4.6,2025,Macro Tax Summary - Corporation Tax (Breakdown 4)
2016-17,5.3,2022,Macro Tax Summary - Corporation Tax (Breakdown 4)
2016-17,5.3,2023,Macro Tax Summary - Corporation Tax (Breakdown 4)
2016-17,5.2,2025,Macro Tax Summary - Corporation Tax (Breakdown 4)
2017-18,5.7,2022,Macro Tax Summary - Corporation Tax (Breakdown 4)
2017-18,5.7,2023,Macro Tax Summary - Corporation Tax (Breakdown 4)
2017-18,5.4,2025,Macro Tax Summary - Corporation Tax (Breakdown 4)
2018-19,5.7,2022,Macro Tax Summary - Corporation Tax (Breakdown 4)
2018-19,5.9,2023,Macro Tax Summary - Corporation Tax (Breakdown 4)
2018-19,6.3,2025,Macro Tax Summary - Corporation Tax (Breakdown 4)
2019-20,5.5,2022,Macro Tax Summary - Corporation Tax (Breakdown 4)
2019-20,7.7,2023,Macro Tax Summary - Corporation Tax (Breakdown 4)
2019-20,9.4,2025,Macro Tax Summary - Corporation Tax (Breakdown 4)
2020-21,5.6,2022,Macro Tax Summary - Corporation Tax (Breakdown 4)
2020-21,8.8,2023,Macro Tax Summary - Corporation Tax (Breakdown 4)
2020-21,10.5,2025,Macro Tax Summary - Corporation Tax (Breakdown 4)
2021-22,10.6,2023,Macro Tax Summary - Corporation Tax (Breakdown 4)
2021-22,14.2,2025,Macro Tax Summary - Corporation Tax (Breakdown 4)
2022-23,15.5,2025,Macro Tax Summary - Corporation Tax (Breakdown 4)
2023-24,18.6,2025,Macro Tax Summary - Corporation Tax (Breakdown 4)
2005-06,2.2,2022,Macro Tax Summary - Excise duty (Breakdown 1)
2005-06,2.2,2023,Macro Tax Summary - Excise duty (Breakdown 1)
2005-06,2.2,2025,Macro Tax Summary - Excise duty (Breakdown 1)
2006-07,2.1,2022,Macro Tax Summary - Excise duty (Breakdown 1)
2006-07,2.1,2023,Macro Tax Summary - Excise duty (Breakdown 1)
2006-07,2.1,2025,Macro Tax Summary - Excise duty (Breakdown 1)
2007-08,1.7,2022,Macro Tax Summary - Excise duty (Breakdown 1)
2007-08,1.7,2023,Macro Tax Summary - Excise duty (Breakdown 1)
2007-08,1.7,2025,Macro Tax Summary - Excise duty (Breakdown 1)
2008-09,1.9,2022,Macro Tax Summary - Excise duty (Breakdown 1)
2008-09,1.9,2023,Macro Tax Summary - Excise duty (Breakdown 1)
2008-09,1.9,2025,Macro Tax Summary - Excise duty (Breakdown 1)
2009-10,1.8,2022,Macro Tax Summary - Excise duty (Breakdown 1)
2009-10,1.8,2023,Macro Tax Summary - Excise duty (Breakdown 1)
2009-10,1.8,2025,Macro Tax Summary - Excise duty (Breakdown 1)
2010-11,1.5,2022,Macro Tax Summary - Excise duty (Breakdown 1)
2010-11,1.5,2023,Macro Tax Summary - Excise duty (Breakdown 1)
2010-11,1.4,2025,Macro Tax Summary - Excise duty (Breakdown 1)
2011-12,1.5,2022,Macro Tax Summary - Excise duty (Breakdown 1)
2011-12,1.5,2023,Macro Tax Summary - Excise duty (Breakdown 1)
2011-12,1.5,2025,Macro Tax Summary - Excise duty (Breakdown 1)
2012-13,1.7,2022,Macro Tax Summary - Excise duty (Breakdown 1)
2012-13,1.7,2023,Macro Tax Summary - Excise duty (Breakdown 1)
2012-13,1.7,2025,Macro Tax Summary - Excise duty (Breakdown 1)
2013-14,1.8,2022,Macro Tax Summary - Excise duty (Breakdown 1)
2013-14,1.8,2023,Macro Tax Summary - Excise duty (Breakdown 1)
2013-14,1.8,2025,Macro Tax Summary - Excise duty (Breakdown 1)
2014-15,1.3,2022,Macro Tax Summary - Excise duty (Breakdown 1)
2014-15,1.3,2023,Macro Tax Summary - Excise duty (Breakdown 1)
2014-15,1.2,2025,Macro Tax Summary - Excise duty (Breakdown 1)
2015-16,1.8,2022,Macro Tax Summary - Excise duty (Breakdown 1)
2015-16,1.8,2023,Macro Tax Summary - Excise duty (Breakdown 1)
2015-16,1.8,2025,Macro Tax Summary - Excise duty (Breakdown 1)
2016-17,1.8,2022,Macro Tax Summary - Excise duty (Breakdown 1)
2016-17,1.8,2023,Macro Tax Summary - Excise duty (Breakdown 1)
2016-17,1.9,2025,Macro Tax Summary - Excise duty (Breakdown 1)
2017-18,1.5,2022,Macro Tax Summary - Excise duty (Breakdown 1)
2017-18,1.3,2023,Macro Tax Summary - Excise duty (Breakdown 1)
2017-18,1.5,2025,Macro Tax Summary - Excise duty (Breakdown 1)
2018-19,1.6,2022,Macro Tax Summary - Excise duty (Breakdown 1)
2018-19,1.6,2023,Macro Tax Summary - Excise duty (Breakdown 1)
2018-19,1.6,2025,Macro Tax Summary - Excise duty (Breakdown 1)
2019-20,1.8,2022,Macro Tax Summary - Excise duty (Breakdown 1)
2019-20,2.0,2023,Macro Tax Summary - Excise duty (Breakdown 1)
2019-20,1.6,2025,Macro Tax Summary - Excise duty (Breakdown 1)
2020-21,1.9,2022,Macro Tax Summary - Excise duty (Breakdown 1)
2020-21,2.2,2023,Macro Tax Summary - Excise duty (Breakdown 1)
2020-21,1.7,2025,Macro Tax Summary - Excise duty (Breakdown 1)
2021-22,2.2,2023,Macro Tax Summary - Excise duty (Breakdown 1)
2021-22,1.7,2025,Macro Tax Summary - Excise duty (Breakdown 1)
2022-23,1.6,2025,Macro Tax Summary - Excise duty (Breakdown 1)
2023-24,1.4,2025,Macro Tax Summary - Excise duty (Breakdown 1)
2005-06,0.5,2022,Macro Tax Summary - Excise duty (Breakdown 2)
2005-06,0.2,2023,Macro Tax Summary - Excise duty (Breakdown 2)
2005-06,0.3,2025,Macro Tax Summary - Excise duty (Breakdown 2)
2006-07,0.7,2022,Macro Tax Summary - Excise duty (Breakdown 2)
2006-07,0.3,2023,Macro Tax Summary - Excise duty (Breakdown 2)
2006-07,0.4,2025,Macro Tax Summary - Excise duty (Breakdown 2)
2007-08,0.4,2022,Macro Tax Summary - Excise duty (Breakdown 2)
2007-08,0.1,2023,Macro Tax Summary - Excise duty (Breakdown 2)
2007-08,0.3,2025,Macro Tax Summary - Excise duty (Breakdown 2)
2008-09,0.6,2022,Macro Tax Summary - Excise duty (Breakdown 2)
2008-09,0.3,2023,Macro Tax Summary - Excise duty (Breakdown 2)
2008-09,0.3,2025,Macro Tax Summary - Excise duty (Breakdown 2)
2009-10,0.5,2022,Macro Tax Summary - Excise duty (Breakdown 2)
2009-10,0.1,2023,Macro Tax Summary - Excise duty (Breakdown 2)
2009-10,0.4,2025,Macro Tax Summary - Excise duty (Breakdown 2)
2010-11,0.6,2022,Macro Tax Summary - Excise duty (Breakdown 2)
2010-11,0.1,2023,Macro Tax Summary - Excise duty (Breakdown 2)
2010-11,0.4,2025,Macro Tax Summary - Excise duty (Breakdown 2)
2011-12,0.5,2022,Macro Tax Summary - Excise duty (Breakdown 2)
2011-12,0.1,2023,Macro Tax Summary - Excise duty (Breakdown 2)
2011-12,0.4,2025,Macro Tax Summary - Excise duty (Breakdown 2)
2012-13,0.6,2022,Macro Tax Summary - Excise duty (Breakdown 2)
2012-13,0.1,2023,Macro Tax Summary - Excise duty (Breakdown 2)
2012-13,0.5,2025,Macro Tax Summary - Excise duty (Breakdown 2)
2013-14,1.0,2022,Macro Tax Summary - Excise duty (Breakdown 2)
2013-14,0.4,2023,Macro Tax Summary - Excise duty (Breakdown 2)
2013-14,0.6,2025,Macro Tax Summary - Excise duty (Breakdown 2)
2014-15,0.9,2022,Macro Tax Summary - Excise duty (Breakdown 2)
2014-15,0.3,2023,Macro Tax Summary - Excise duty (Breakdown 2)
2014-15,0.6,2025,Macro Tax Summary - Excise duty (Breakdown 2)
2015-16,0.8,2022,Macro Tax Summary - Excise duty (Breakdown 2)
2015-16,0.2,2023,Macro Tax Summary - Excise duty (Breakdown 2)
2015-16,0.6,2025,Macro Tax Summary - Excise duty (Breakdown 2)
2016-17,0.7,2022,Macro Tax Summary - Excise duty (Breakdown 2)
2016-17,0.1,2023,Macro Tax Summary - Excise duty (Breakdown 2)
2016-17,0.6,2025,Macro Tax Summary - Excise duty (Breakdown 2)
2017-18,0.7,2022,Macro Tax Summary - Excise duty (Breakdown 2)
2017-18,0.2,2023,Macro Tax Summary - Excise duty (Breakdown 2)
2017-18,0.5,2025,Macro Tax Summary - Excise duty (Breakdown 2)
2018-19,0.8,2022,Macro Tax Summary - Excise duty (Breakdown 2)
2018-19,0.1,2023,Macro Tax Summary - Excise duty (Breakdown 2)
2018-19,0.7,2025,Macro Tax Summary - Excise duty (Breakdown 2)
2019-20,0.7,2022,Macro Tax Summary - Excise duty (Breakdown 2)
2019-20,0.1,2023,Macro Tax Summary - Excise duty (Breakdown 2)
2019-20,0.7,2025,Macro Tax Summary - Excise duty (Breakdown 2)
2020-21,0.8,2022,Macro Tax Summary - Excise duty (Breakdown 2)
2020-21,0.1,2023,Macro Tax Summary - Excise duty (Breakdown 2)
2020-21,0.7,2025,Macro Tax Summary - Excise duty (Breakdown 2)
2021-22,0.1,2023,Macro Tax Summary - Excise duty (Breakdown 2)
2021-22,0.5,2025,Macro Tax Summary - Excise duty (Breakdown 2)
2022-23,0.4,2025,Macro Tax Summary - Excise duty (Breakdown 2)
2023-24,0.7,2025,Macro Tax Summary - Excise duty (Breakdown 2)
2005-06,0.7,2022,Macro Tax Summary - Excise duty (Breakdown 3)
2005-06,0.3,2023,Macro Tax Summary - Excise duty (Breakdown 3)
2005-06,0.2,2025,Macro Tax Summary - Excise duty (Breakdown 3)
2006-07,0.7,2022,Macro Tax Summary - Excise duty (Breakdown 3)
2006-07,0.4,2023,Macro Tax Summary - Excise duty (Breakdown 3)
2006-07,0.3,2025,Macro Tax Summary - Excise duty (Breakdown 3)
2007-08,0.6,2022,Macro Tax Summary - Excise duty (Breakdown 3)
2007-08,0.3,2023,Macro Tax Summary - Excise duty (Breakdown 3)
2007-08,0.1,2025,Macro Tax Summary - Excise duty (Breakdown 3)
2008-09,0.8,2022,Macro Tax Summary - Excise duty (Breakdown 3)
2008-09,0.3,2023,Macro Tax Summary - Excise duty (Breakdown 3)
2008-09,0.3,2025,Macro Tax Summary - Excise duty (Breakdown 3)
2009-10,0.7,2022,Macro Tax Summary - Excise duty (Breakdown 3)
2009-10,0.4,2023,Macro Tax Summary - Excise duty (Breakdown 3)
2009-10,0.1,2025,Macro Tax Summary - Excise duty (Breakdown 3)
2010-11,0.4,2022,Macro Tax Summary - Excise duty (Breakdown 3)
2010-11,0.4,2023,Macro Tax Summary - Excise duty (Breakdown 3)
2010-11,0.1,2025,Macro Tax Summary - Excise duty (Breakdown 3)
2011-12,0.2,2022,Macro Tax Summary - Excise duty (Breakdown 3)
2011-12,0.4,2023,Macro Tax Summary - Excise duty (Breakdown 3)
2011-12,0.1,2025,Macro Tax Summary - Excise duty (Breakdown 3)
2012-13,0.1,2022,Macro Tax Summary - Excise duty (Breakdown 3)
2012-13,0.5,2023,Macro Tax Summary - Excise duty (Breakdown 3)
2012-13,0.1,2025,Macro Tax Summary - Excise duty (Breakdown 3)
2013-14,0.1,2022,Macro Tax Summary - Excise duty (Breakdown 3)
2013-14,0.6,2023,Macro Tax Summary - Excise duty (Breakdown 3)
2013-14,0.4,2025,Macro Tax Summary - Excise duty (Breakdown 3)
2014-15,0.1,2022,Macro Tax Summary - Excise duty (Breakdown 3)
2014-15,0.6,2023,Macro Tax Summary - Excise duty (Breakdown 3)
2014-15,0.3,2025,Macro Tax Summary - Excise duty (Breakdown 3)
2015-16,0.1,2022,Macro Tax Summary - Excise duty (Breakdown 3)
2015-16,0.6,2023,Macro Tax Summary - Excise duty (Breakdown 3)
2015-16,0.2,2025,Macro Tax Summary - Excise duty (Breakdown 3)
2016-17,0.1,2022,Macro Tax Summary - Excise duty (Breakdown 3)
2016-17,0.6,2023,Macro Tax Summary - Excise duty (Breakdown 3)
2016-17,0.1,2025,Macro Tax Summary - Excise duty (Breakdown 3)
2017-18,0.1,2022,Macro Tax Summary - Excise duty (Breakdown 3)
2017-18,0.5,2023,Macro Tax Summary - Excise duty (Breakdown 3)
2017-18,0.2,2025,Macro Tax Summary - Excise duty (Breakdown 3)
2018-19,0.1,2022,Macro Tax Summary - Excise duty (Breakdown 3)
2018-19,0.7,2023,Macro Tax Summary - Excise duty (Breakdown 3)
2018-19,0.1,2025,Macro Tax Summary - Excise duty (Breakdown 3)
2019-20,0.1,2022,Macro Tax Summary - Excise duty (Breakdown 3)
2019-20,0.7,2023,Macro Tax Summary - Excise duty (Breakdown 3)
2019-20,0.1,2025,Macro Tax Summary - Excise duty (Breakdown 3)
2020-21,0.1,2022,Macro Tax Summary - Excise duty (Breakdown 3)
2020-21,0.7,2023,Macro Tax Summary - Excise duty (Breakdown 3)
2020-21,0.1,2025,Macro Tax Summary - Excise duty (Breakdown 3)
2021-22,0.5,2023,Macro Tax Summary - Excise duty (Breakdown 3)
2021-22,0.1,2025,Macro Tax Summary - Excise duty (Breakdown 3)
2022-23,0.1,2025,Macro Tax Summary - Excise duty (Breakdown 3)
2023-24,0.1,2025,Macro Tax Summary - Excise duty (Breakdown 3)
2005-06,0.3,2022,Macro Tax Summary - Excise duty (Breakdown 4)
2005-06,0.7,2023,Macro Tax Summary - Excise duty (Breakdown 4)
2005-06,0.7,2025,Macro Tax Summary - Excise duty (Breakdown 4)
2006-07,0.5,2022,Macro Tax Summary - Excise duty (Breakdown 4)
2006-07,0.7,2023,Macro Tax Summary - Excise duty (Breakdown 4)
2006-07,0.7,2025,Macro Tax Summary - Excise duty (Breakdown 4)
2007-08,0.4,2022,Macro Tax Summary - Excise duty (Breakdown 4)
2007-08,0.6,2023,Macro Tax Summary - Excise duty (Breakdown 4)
2007-08,0.6,2025,Macro Tax Summary - Excise duty (Breakdown 4)
2008-09,0.5,2022,Macro Tax Summary - Excise duty (Breakdown 4)
2008-09,0.8,2023,Macro Tax Summary - Excise duty (Breakdown 4)
2008-09,0.8,2025,Macro Tax Summary - Excise duty (Breakdown 4)
2009-10,0.4,2022,Macro Tax Summary - Excise duty (Breakdown 4)
2009-10,0.7,2023,Macro Tax Summary - Excise duty (Breakdown 4)
2009-10,0.7,2025,Macro Tax Summary - Excise duty (Breakdown 4)
2010-11,0.4,2022,Macro Tax Summary - Excise duty (Breakdown 4)
2010-11,0.4,2023,Macro Tax Summary - Excise duty (Breakdown 4)
2010-11,0.4,2025,Macro Tax Summary - Excise duty (Breakdown 4)
2011-12,0.4,2022,Macro Tax Summary - Excise duty (Breakdown 4)
2011-12,0.2,2023,Macro Tax Summary - Excise duty (Breakdown 4)
2011-12,0.2,2025,Macro Tax Summary - Excise duty (Breakdown 4)
2012-13,0.4,2022,Macro Tax Summary - Excise duty (Breakdown 4)
2012-13,0.1,2023,Macro Tax Summary - Excise duty (Breakdown 4)
2012-13,0.1,2025,Macro Tax Summary - Excise duty (Breakdown 4)
2013-14,0.8,2022,Macro Tax Summary - Excise duty (Breakdown 4)
2013-14,0.1,2023,Macro Tax Summary - Excise duty (Breakdown 4)
2013-14,0.1,2025,Macro Tax Summary - Excise duty (Breakdown 4)
2014-15,0.7,2022,Macro Tax Summary - Excise duty (Breakdown 4)
2014-15,0.1,2023,Macro Tax Summary - Excise duty (Breakdown 4)
2014-15,0.1,2025,Macro Tax Summary - Excise duty (Breakdown 4)
2015-16,0.7,2022,Macro Tax Summary - Excise duty (Breakdown 4)
2015-16,0.1,2023,Macro Tax Summary - Excise duty (Breakdown 4)
2015-16,0.1,2025,Macro Tax Summary - Excise duty (Breakdown 4)
2016-17,0.7,2022,Macro Tax Summary - Excise duty (Breakdown 4)
2016-17,0.1,2023,Macro Tax Summary - Excise duty (Breakdown 4)
2016-17,0.1,2025,Macro Tax Summary - Excise duty (Breakdown 4)
2017-18,0.6,2022,Macro Tax Summary - Excise duty (Breakdown 4)
2017-18,0.1,2023,Macro Tax Summary - Excise duty (Breakdown 4)
2017-18,0.1,2025,Macro Tax Summary - Excise duty (Breakdown 4)
2018-19,0.7,2022,Macro Tax Summary - Excise duty (Breakdown 4)
2018-19,0.1,2023,Macro Tax Summary - Excise duty (Breakdown 4)
2018-19,0.1,2025,Macro Tax Summary - Excise duty (Breakdown 4)
2019-20,0.6,2022,Macro Tax Summary - Excise duty (Breakdown 4)
2019-20,0.1,2023,Macro Tax Summary - Excise duty (Breakdown 4)
2019-20,0.1,2025,Macro Tax Summary - Excise duty (Breakdown 4)
2020-21,0.7,2022,Macro Tax Summary - Excise duty (Breakdown 4)
2020-21,0.1,2023,Macro Tax Summary - Excise duty (Breakdown 4)
2020-21,0.1,2025,Macro Tax Summary - Excise duty (Breakdown 4)
2021-22,0.1,2023,Macro Tax Summary - Excise duty (Breakdown 4)
2021-22,0.1,2025,Macro Tax Summary - Excise duty (Breakdown 4)
2005-06,3.7,2022,Macro Tax Summary - Excise duty (Breakdown 5)
2005-06,0.3,2023,Macro Tax Summary - Excise duty (Breakdown 5)
2005-06,0.4,2025,Macro Tax Summary - Excise duty (Breakdown 5)
2006-07,3.9,2022,Macro Tax Summary - Excise duty (Breakdown 5)
2006-07,0.5,2023,Macro Tax Summary - Excise duty (Breakdown 5)
2006-07,0.5,2025,Macro Tax Summary - Excise duty (Breakdown 5)
2007-08,3.1,2022,Macro Tax Summary - Excise duty (Breakdown 5)
2007-08,0.4,2023,Macro Tax Summary - Excise duty (Breakdown 5)
2007-08,0.4,2025,Macro Tax Summary - Excise duty (Breakdown 5)
2008-09,3.7,2022,Macro Tax Summary - Excise duty (Breakdown 5)
2008-09,0.5,2023,Macro Tax Summary - Excise duty (Breakdown 5)
2008-09,0.5,2025,Macro Tax Summary - Excise duty (Breakdown 5)
2009-10,3.4,2022,Macro Tax Summary - Excise duty (Breakdown 5)
2009-10,0.4,2023,Macro Tax Summary - Excise duty (Breakdown 5)
2009-10,0.4,2025,Macro Tax Summary - Excise duty (Breakdown 5)
2010-11,2.8,2022,Macro Tax Summary - Excise duty (Breakdown 5)
2010-11,0.4,2023,Macro Tax Summary - Excise duty (Breakdown 5)
2010-11,0.4,2025,Macro Tax Summary - Excise duty (Breakdown 5)
2011-12,2.5,2022,Macro Tax Summary - Excise duty (Breakdown 5)
2011-12,0.4,2023,Macro Tax Summary - Excise duty (Breakdown 5)
2011-12,0.4,2025,Macro Tax Summary - Excise duty (Breakdown 5)
2012-13,2.7,2022,Macro Tax Summary - Excise duty (Breakdown 5)
2012-13,0.4,2023,Macro Tax Summary - Excise duty (Breakdown 5)
2012-13,0.4,2025,Macro Tax Summary - Excise duty (Breakdown 5)
2013-14,3.7,2022,Macro Tax Summary - Excise duty (Breakdown 5)
2013-14,0.8,2023,Macro Tax Summary - Excise duty (Breakdown 5)
2013-14,0.8,2025,Macro Tax Summary - Excise duty (Breakdown 5)
2014-15,2.9,2022,Macro Tax Summary - Excise duty (Breakdown 5)
2014-15,0.7,2023,Macro Tax Summary - Excise duty (Breakdown 5)
2014-15,0.7,2025,Macro Tax Summary - Excise duty (Breakdown 5)
2015-16,3.4,2022,Macro Tax Summary - Excise duty (Breakdown 5)
2015-16,0.7,2023,Macro Tax Summary - Excise duty (Breakdown 5)
2015-16,0.7,2025,Macro Tax Summary - Excise duty (Breakdown 5)
2016-17,3.3,2022,Macro Tax Summary - Excise duty (Breakdown 5)
2016-17,0.7,2023,Macro Tax Summary - Excise duty (Breakdown 5)
2016-17,0.7,2025,Macro Tax Summary - Excise duty (Breakdown 5)
2017-18,2.9,2022,Macro Tax Summary - Excise duty (Breakdown 5)
2017-18,0.6,2023,Macro Tax Summary - Excise duty (Breakdown 5)
2017-18,0.6,2025,Macro Tax Summary - Excise duty (Breakdown 5)
2018-19,3.3,2022,Macro Tax Summary - Excise duty (Breakdown 5)
2018-19,0.7,2023,Macro Tax Summary - Excise duty (Breakdown 5)
2018-19,0.7,2025,Macro Tax Summary - Excise duty (Breakdown 5)
2019-20,3.3,2022,Macro Tax Summary - Excise duty (Breakdown 5)
2019-20,0.7,2023,Macro Tax Summary - Excise duty (Breakdown 5)
2019-20,0.6,2025,Macro Tax Summary - Excise duty (Breakdown 5)
2020-21,3.5,2022,Macro Tax Summary - Excise duty (Breakdown 5)
2020-21,0.7,2023,Macro Tax Summary - Excise duty (Breakdown 5)
2020-21,0.7,2025,Macro Tax Summary - Excise duty (Breakdown 5)
2021-22,0.5,2023,Macro Tax Summary - Excise duty (Breakdown 5)
2021-22,0.5,2025,Macro Tax Summary - Excise duty (Breakdown 5)
2022-23,0.4,2025,Macro Tax Summary - Excise duty (Breakdown 5)
2023-24,0.9,2025,Macro Tax Summary - Excise duty (Breakdown 5)
2005-06,3.7,2023,Macro Tax Summary - Excise duty (Breakdown 6)
2005-06,3.7,2025,Macro Tax Summary - Excise duty (Breakdown 6)
2006-07,3.9,2023,Macro Tax Summary - Excise duty (Breakdown 6)
2006-07,3.9,2025,Macro Tax Summary - Excise duty (Breakdown 6)
2007-08,3.1,2023,Macro Tax Summary - Excise duty (Breakdown 6)
2007-08,3.2,2025,Macro Tax Summary - Excise duty (Breakdown 6)
2008-09,3.7,2023,Macro Tax Summary - Excise duty (Breakdown 6)
2008-09,3.7,2025,Macro Tax Summary - Excise duty (Breakdown 6)
2009-10,3.4,2023,Macro Tax Summary - Excise duty (Breakdown 6)
2009-10,3.4,2025,Macro Tax Summary - Excise duty (Breakdown 6)
2010-11,2.8,2023,Macro Tax Summary - Excise duty (Breakdown 6)
2010-11,2.8,2025,Macro Tax Summary - Excise duty (Breakdown 6)
2011-12,2.5,2023,Macro Tax Summary - Excise duty (Breakdown 6)
2011-12,2.5,2025,Macro Tax Summary - Excise duty (Breakdown 6)
2012-13,2.7,2023,Macro Tax Summary - Excise duty (Breakdown 6)
2012-13,2.7,2025,Macro Tax Summary - Excise duty (Breakdown 6)
2013-14,3.7,2023,Macro Tax Summary - Excise duty (Breakdown 6)
2013-14,3.7,2025,Macro Tax Summary - Excise duty (Breakdown 6)
2014-15,2.9,2023,Macro Tax Summary - Excise duty (Breakdown 6)
2014-15,2.8,2025,Macro Tax Summary - Excise duty (Breakdown 6)
2015-16,3.4,2023,Macro Tax Summary - Excise duty (Breakdown 6)
2015-16,3.5,2025,Macro Tax Summary - Excise duty (Breakdown 6)
2016-17,3.3,2023,Macro Tax Summary - Excise duty (Breakdown 6)
2016-17,3.4,2025,Macro Tax Summary - Excise duty (Breakdown 6)
2017-18,2.7,2023,Macro Tax Summary - Excise duty (Breakdown 6)
2017-18,2.9,2025,Macro Tax Summary - Excise duty (Breakdown 6)
2018-19,3.3,2023,Macro Tax Summary - Excise duty (Breakdown 6)
2018-19,3.3,2025,Macro Tax Summary - Excise duty (Breakdown 6)
2019-20,3.6,2023,Macro Tax Summary - Excise duty (Breakdown 6)
2019-20,3.1,2025,Macro Tax Summary - Excise duty (Breakdown 6)
2020-21,3.8,2023,Macro Tax Summary - Excise duty (Breakdown 6)
2020-21,3.4,2025,Macro Tax Summary - Excise duty (Breakdown 6)
2021-22,3.4,2023,Macro Tax Summary - Excise duty (Breakdown 6)
2021-22,2.9,2025,Macro Tax Summary - Excise duty (Breakdown 6)
2022-23,2.4,2025,Macro Tax Summary - Excise duty (Breakdown 6)
2023-24,3.1,2025,Macro Tax Summary - Excise duty (Breakdown 6)
2005-06,4.7,2025,"Macro Tax Summary - Income Tax, NICs, Capital Gains Tax (Breakdown 1)"
2006-07,4.7,2025,"Macro Tax Summary - Income Tax, NICs, Capital Gains Tax (Breakdown 1)"
2007-08,5.8,2025,"Macro Tax Summary - Income Tax, NICs, Capital Gains Tax (Breakdown 1)"
2008-09,4.6,2025,"Macro Tax Summary - Income Tax, NICs, Capital Gains Tax (Breakdown 1)"
2009-10,4.7,2025,"Macro Tax Summary - Income Tax, NICs, Capital Gains Tax (Breakdown 1)"
2010-11,5.8,2025,"Macro Tax Summary - Income Tax, NICs, Capital Gains Tax (Breakdown 1)"
2011-12,5.5,2025,"Macro Tax Summary - Income Tax, NICs, Capital Gains Tax (Breakdown 1)"
2012-13,7.4,2025,"Macro Tax Summary - Income Tax, NICs, Capital Gains Tax (Breakdown 1)"
2013-14,8.5,2025,"Macro Tax Summary - Income Tax, NICs, Capital Gains Tax (Breakdown 1)"
2014-15,6.6,2025,"Macro Tax Summary - Income Tax, NICs, Capital Gains Tax (Breakdown 1)"
2015-16,6.7,2025,"Macro Tax Summary - Income Tax, NICs, Capital Gains Tax (Breakdown 1)"
2016-17,5.5,2025,"Macro Tax Summary - Income Tax, NICs, Capital Gains Tax (Breakdown 1)"
2017-18,5.7,2025,"Macro Tax Summary - Income Tax, NICs, Capital Gains Tax (Breakdown 1)"
2018-19,7.6,2025,"Macro Tax Summary - Income Tax, NICs, Capital Gains Tax (Breakdown 1)"
2019-20,7.1,2025,"Macro Tax Summary - Income Tax, NICs, Capital Gains Tax (Breakdown 1)"
2020-21,7.4,2025,"Macro Tax Summary - Income Tax, NICs, Capital Gains Tax (Breakdown 1)"
2021-22,9.2,2025,"Macro Tax Summary - Income Tax, NICs, Capital Gains Tax (Breakdown 1)"
2022-23,8.2,2025,"Macro Tax Summary - Income Tax, NICs, Capital Gains Tax (Breakdown 1)"
2023-24,8.7,2025,"Macro Tax Summary - Income Tax, NICs, Capital Gains Tax (Breakdown 1)"
2005-06,3.3,2025,"Macro Tax Summary - Income Tax, NICs, Capital Gains Tax (Breakdown 2)"
2006-07,3.2,2025,"Macro Tax Summary - Income Tax, NICs, Capital Gains Tax (Breakdown 2)"
2007-08,3.5,2025,"Macro Tax Summary - Income Tax, NICs, Capital Gains Tax (Breakdown 2)"
2008-09,3.0,2025,"Macro Tax Summary - Income Tax, NICs, Capital Gains Tax (Breakdown 2)"
2009-10,3.4,2025,"Macro Tax Summary - Income Tax, NICs, Capital Gains Tax (Breakdown 2)"
2010-11,3.9,2025,"Macro Tax Summary - Income Tax, NICs, Capital Gains Tax (Breakdown 2)"
2011-12,3.6,2025,"Macro Tax Summary - Income Tax, NICs, Capital Gains Tax (Breakdown 2)"
2012-13,3.4,2025,"Macro Tax Summary - Income Tax, NICs, Capital Gains Tax (Breakdown 2)"
2013-14,3.9,2025,"Macro Tax Summary - Income Tax, NICs, Capital Gains Tax (Breakdown 2)"
2014-15,3.5,2025,"Macro Tax Summary - Income Tax, NICs, Capital Gains Tax (Breakdown 2)"
2015-16,3.7,2025,"Macro Tax Summary - Income Tax, NICs, Capital Gains Tax (Breakdown 2)"
2016-17,3.5,2025,"Macro Tax Summary - Income Tax, NICs, Capital Gains Tax (Breakdown 2)"
2017-18,3.3,2025,"Macro Tax Summary - Income Tax, NICs, Capital Gains Tax (Breakdown 2)"
2018-19,2.8,2025,"Macro Tax Summary - Income Tax, NICs, Capital Gains Tax (Breakdown 2)"
2019-20,3.3,2025,"Macro Tax Summary - Income Tax, NICs, Capital Gains Tax (Breakdown 2)"
2020-21,3.0,2025,"Macro Tax Summary - Income Tax, NICs, Capital Gains Tax (Breakdown 2)"
2021-22,3.6,2025,"Macro Tax Summary - Income Tax, NICs, Capital Gains Tax (Breakdown 2)"
2022-23,3.6,2025,"Macro Tax Summary - Income Tax, NICs, Capital Gains Tax (Breakdown 2)"
2023-24,3.9,2025,"Macro Tax Summary - Income Tax, NICs, Capital Gains Tax (Breakdown 2)"
2005-06,1.5,2025,"Macro Tax Summary - Income Tax, NICs, Capital Gains Tax (Breakdown 3)"
2006-07,1.6,2025,"Macro Tax Summary - Income Tax, NICs, Capital Gains Tax (Breakdown 3)"
2007-08,0.9,2025,"Macro Tax Summary - Income Tax, NICs, Capital Gains Tax (Breakdown 3)"
2008-09,1.0,2025,"Macro Tax Summary - Income Tax, NICs, Capital Gains Tax (Breakdown 3)"
2009-10,1.2,2025,"Macro Tax Summary - Income Tax, NICs, Capital Gains Tax (Breakdown 3)"
2010-11,1.4,2025,"Macro Tax Summary - Income Tax, NICs, Capital Gains Tax (Breakdown 3)"
2011-12,1.3,2025,"Macro Tax Summary - Income Tax, NICs, Capital Gains Tax (Breakdown 3)"
2012-13,1.4,2025,"Macro Tax Summary - Income Tax, NICs, Capital Gains Tax (Breakdown 3)"
2013-14,1.1,2025,"Macro Tax Summary - Income Tax, NICs, Capital Gains Tax (Breakdown 3)"
2014-15,0.9,2025,"Macro Tax Summary - Income Tax, NICs, Capital Gains Tax (Breakdown 3)"
2015-16,0.8,2025,"Macro Tax Summary - Income Tax, NICs, Capital Gains Tax (Breakdown 3)"
2016-17,0.9,2025,"Macro Tax Summary - Income Tax, NICs, Capital Gains Tax (Breakdown 3)"
2017-18,0.5,2025,"Macro Tax Summary - Income Tax, NICs, Capital Gains Tax (Breakdown 3)"
2018-19,0.4,2025,"Macro Tax Summary - Income Tax, NICs, Capital Gains Tax (Breakdown 3)"
2019-20,0.3,2025,"Macro Tax Summary - Income Tax, NICs, Capital Gains Tax (Breakdown 3)"
2020-21,0.3,2025,"Macro Tax Summary - Income Tax, NICs, Capital Gains Tax (Breakdown 3)"
2021-22,0.2,2025,"Macro Tax Summary - Income Tax, NICs, Capital Gains Tax (Breakdown 3)"
2022-23,0.2,2025,"Macro Tax Summary - Income Tax, NICs, Capital Gains Tax (Breakdown 3)"
2023-24,0.2,2025,"Macro Tax Summary - Income Tax, NICs, Capital Gains Tax (Breakdown 3)"
2005-06,1.3,2025,"Macro Tax Summary - Income Tax, NICs, Capital Gains Tax (Breakdown 4)"
2006-07,1.3,2025,"Macro Tax Summary - Income Tax, NICs, Capital Gains Tax (Breakdown 4)"
2007-08,1.3,2025,"Macro Tax Summary - Income Tax, NICs, Capital Gains Tax (Breakdown 4)"
2008-09,1.3,2025,"Macro Tax Summary - Income Tax, NICs, Capital Gains Tax (Breakdown 4)"
2009-10,1.3,2025,"Macro Tax Summary - Income Tax, NICs, Capital Gains Tax (Breakdown 4)"
2010-11,1.3,2025,"Macro Tax Summary - Income Tax, NICs, Capital Gains Tax (Breakdown 4)"
2011-12,1.4,2025,"Macro Tax Summary - Income Tax, NICs, Capital Gains Tax (Breakdown 4)"
2012-13,1.4,2025,"Macro Tax Summary - Income Tax, NICs, Capital Gains Tax (Breakdown 4)"
2013-14,1.4,2025,"Macro Tax Summary - Income Tax, NICs, Capital Gains Tax (Breakdown 4)"
2014-15,1.5,2025,"Macro Tax Summary - Income Tax, NICs, Capital Gains Tax (Breakdown 4)"
2015-16,1.5,2025,"Macro Tax Summary - Income Tax, NICs, Capital Gains Tax (Breakdown 4)"
2016-17,1.5,2025,"Macro Tax Summary - Income Tax, NICs, Capital Gains Tax (Breakdown 4)"
2017-18,1.4,2025,"Macro Tax Summary - Income Tax, NICs, Capital Gains Tax (Breakdown 4)"
2018-19,1.4,2025,"Macro Tax Summary - Income Tax, NICs, Capital Gains Tax (Breakdown 4)"
2019-20,1.3,2025,"Macro Tax Summary - Income Tax, NICs, Capital Gains Tax (Breakdown 4)"
2020-21,1.3,2025,"Macro Tax Summary - Income Tax, NICs, Capital Gains Tax (Breakdown 4)"
2021-22,1.4,2025,"Macro Tax Summary - Income Tax, NICs, Capital Gains Tax (Breakdown 4)"
2022-23,1.5,2025,"Macro Tax Summary - Income Tax, NICs, Capital Gains Tax (Breakdown 4)"
2023-24,1.5,2025,"Macro Tax Summary - Income Tax, NICs, Capital Gains Tax (Breakdown 4)"
2005-06,10.7,2025,"Macro Tax Summary - Income Tax, NICs, Capital Gains Tax (Breakdown 5)"
2006-07,10.9,2025,"Macro Tax Summary - Income Tax, NICs, Capital Gains Tax (Breakdown 5)"
2007-08,11.5,2025,"Macro Tax Summary - Income Tax, NICs, Capital Gains Tax (Breakdown 5)"
2008-09,9.9,2025,"Macro Tax Summary - Income Tax, NICs, Capital Gains Tax (Breakdown 5)"
2009-10,10.5,2025,"Macro Tax Summary - Income Tax, NICs, Capital Gains Tax (Breakdown 5)"
2010-11,12.4,2025,"Macro Tax Summary - Income Tax, NICs, Capital Gains Tax (Breakdown 5)"
2011-12,11.9,2025,"Macro Tax Summary - Income Tax, NICs, Capital Gains Tax (Breakdown 5)"
2012-13,13.6,2025,"Macro Tax Summary - Income Tax, NICs, Capital Gains Tax (Breakdown 5)"
2013-14,14.9,2025,"Macro Tax Summary - Income Tax, NICs, Capital Gains Tax (Breakdown 5)"
2014-15,12.5,2025,"Macro Tax Summary - Income Tax, NICs, Capital Gains Tax (Breakdown 5)"
2015-16,12.7,2025,"Macro Tax Summary - Income Tax, NICs, Capital Gains Tax (Breakdown 5)"
2016-17,11.4,2025,"Macro Tax Summary - Income Tax, NICs, Capital Gains Tax (Breakdown 5)"
2017-18,10.9,2025,"Macro Tax Summary - Income Tax, NICs, Capital Gains Tax (Breakdown 5)"
2018-19,12.2,2025,"Macro Tax Summary - Income Tax, NICs, Capital Gains Tax (Breakdown 5)"
2019-20,12.1,2025,"Macro Tax Summary - Income Tax, NICs, Capital Gains Tax (Breakdown 5)"
2020-21,12.0,2025,"Macro Tax Summary - Income Tax, NICs, Capital Gains Tax (Breakdown 5)"
2021-22,14.4,2025,"Macro Tax Summary - Income Tax, NICs, Capital Gains Tax (Breakdown 5)"
2022-23,13.4,2025,"Macro Tax Summary - Income Tax, NICs, Capital Gains Tax (Breakdown 5)"
2023-24,14.4,2025,"Macro Tax Summary - Income Tax, NICs, Capital Gains Tax (Breakdown 5)"
2005-06,4.6,2022,"Macro Tax Summary - Income tax, NICs, Capital Gains Tax (Breakdown 1)"
2005-06,4.6,2023,"Macro Tax Summary - Income tax, NICs, Capital Gains Tax (Breakdown 1)"
2006-07,4.6,2022,"Macro Tax Summary - Income tax, NICs, Capital Gains Tax (Breakdown 1)"
2006-07,4.6,2023,"Macro Tax Summary - Income tax, NICs, Capital Gains Tax (Breakdown 1)"
2007-08,5.7,2022,"Macro Tax Summary - Income tax, NICs, Capital Gains Tax (Breakdown 1)"
2007-08,5.7,2023,"Macro Tax Summary - Income tax, NICs, Capital Gains Tax (Breakdown 1)"
2008-09,4.5,2022,"Macro Tax Summary - Income tax, NICs, Capital Gains Tax (Breakdown 1)"
2008-09,4.5,2023,"Macro Tax Summary - Income tax, NICs, Capital Gains Tax (Breakdown 1)"
2009-10,4.6,2022,"Macro Tax Summary - Income tax, NICs, Capital Gains Tax (Breakdown 1)"
2009-10,4.6,2023,"Macro Tax Summary - Income tax, NICs, Capital Gains Tax (Breakdown 1)"
2010-11,5.6,2022,"Macro Tax Summary - Income tax, NICs, Capital Gains Tax (Breakdown 1)"
2010-11,5.8,2023,"Macro Tax Summary - Income tax, NICs, Capital Gains Tax (Breakdown 1)"
2011-12,5.5,2022,"Macro Tax Summary - Income tax, NICs, Capital Gains Tax (Breakdown 1)"
2011-12,5.4,2023,"Macro Tax Summary - Income tax, NICs, Capital Gains Tax (Breakdown 1)"
2012-13,7.1,2022,"Macro Tax Summary - Income tax, NICs, Capital Gains Tax (Breakdown 1)"
2012-13,7.1,2023,"Macro Tax Summary - Income tax, NICs, Capital Gains Tax (Breakdown 1)"
2013-14,8.4,2022,"Macro Tax Summary - Income tax, NICs, Capital Gains Tax (Breakdown 1)"
2013-14,8.3,2023,"Macro Tax Summary - Income tax, NICs, Capital Gains Tax (Breakdown 1)"
2014-15,9.4,2022,"Macro Tax Summary - Income tax, NICs, Capital Gains Tax (Breakdown 1)"
2014-15,9.4,2023,"Macro Tax Summary - Income tax, NICs, Capital Gains Tax (Breakdown 1)"
2015-16,6.5,2022,"Macro Tax Summary - Income tax, NICs, Capital Gains Tax (Breakdown 1)"
2015-16,6.5,2023,"Macro Tax Summary - Income tax, NICs, Capital Gains Tax (Breakdown 1)"
2016-17,5.7,2022,"Macro Tax Summary - Income tax, NICs, Capital Gains Tax (Breakdown 1)"
2016-17,5.7,2023,"Macro Tax Summary - Income tax, NICs, Capital Gains Tax (Breakdown 1)"
2017-18,5.8,2022,"Macro Tax Summary - Income tax, NICs, Capital Gains Tax (Breakdown 1)"
2017-18,5.4,2023,"Macro Tax Summary - Income tax, NICs, Capital Gains Tax (Breakdown 1)"
2018-19,6.3,2022,"Macro Tax Summary - Income tax, NICs, Capital Gains Tax (Breakdown 1)"
2018-19,7.1,2023,"Macro Tax Summary - Income tax, NICs, Capital Gains Tax (Breakdown 1)"
2019-20,6.2,2022,"Macro Tax Summary - Income tax, NICs, Capital Gains Tax (Breakdown 1)"
2019-20,5.6,2023,"Macro Tax Summary - Income tax, NICs, Capital Gains Tax (Breakdown 1)"
2020-21,7.4,2022,"Macro Tax Summary - Income tax, NICs, Capital Gains Tax (Breakdown 1)"
2020-21,6.1,2023,"Macro Tax Summary - Income tax, NICs, Capital Gains Tax (Breakdown 1)"
2021-22,7.8,2023,"Macro Tax Summary - Income tax, NICs, Capital Gains Tax (Breakdown 1)"
2005-06,3.2,2022,"Macro Tax Summary - Income tax, NICs, Capital Gains Tax (Breakdown 2)"
2005-06,3.2,2023,"Macro Tax Summary - Income tax, NICs, Capital Gains Tax (Breakdown 2)"
2006-07,3.1,2022,"Macro Tax Summary - Income tax, NICs, Capital Gains Tax (Breakdown 2)"
2006-07,3.2,2023,"Macro Tax Summary - Income tax, NICs, Capital Gains Tax (Breakdown 2)"
2007-08,3.4,2022,"Macro Tax Summary - Income tax, NICs, Capital Gains Tax (Breakdown 2)"
2007-08,3.5,2023,"Macro Tax Summary - Income tax, NICs, Capital Gains Tax (Breakdown 2)"
2008-09,2.9,2022,"Macro Tax Summary - Income tax, NICs, Capital Gains Tax (Breakdown 2)"
2008-09,2.9,2023,"Macro Tax Summary - Income tax, NICs, Capital Gains Tax (Breakdown 2)"
2009-10,3.3,2022,"Macro Tax Summary - Income tax, NICs, Capital Gains Tax (Breakdown 2)"
2009-10,3.3,2023,"Macro Tax Summary - Income tax, NICs, Capital Gains Tax (Breakdown 2)"
2010-11,3.8,2022,"Macro Tax Summary - Income tax, NICs, Capital Gains Tax (Breakdown 2)"
2010-11,3.8,2023,"Macro Tax Summary - Income tax, NICs, Capital Gains Tax (Breakdown 2)"
2011-12,3.5,2022,"Macro Tax Summary - Income tax, NICs, Capital Gains Tax (Breakdown 2)"
2011-12,3.6,2023,"Macro Tax Summary - Income tax, NICs, Capital Gains Tax (Breakdown 2)"
2012-13,3.4,2022,"Macro Tax Summary - Income tax, NICs, Capital Gains Tax (Breakdown 2)"
2012-13,3.4,2023,"Macro Tax Summary - Income tax, NICs, Capital Gains Tax (Breakdown 2)"
2013-14,3.9,2022,"Macro Tax Summary - Income tax, NICs, Capital Gains Tax (Breakdown 2)"
2013-14,4.0,2023,"Macro Tax Summary - Income tax, NICs, Capital Gains Tax (Breakdown 2)"
2014-15,3.3,2022,"Macro Tax Summary - Income tax, NICs, Capital Gains Tax (Breakdown 2)"
2014-15,3.4,2023,"Macro Tax Summary - Income tax, NICs, Capital Gains Tax (Breakdown 2)"
2015-16,3.6,2022,"Macro Tax Summary - Income tax, NICs, Capital Gains Tax (Breakdown 2)"
2015-16,3.6,2023,"Macro Tax Summary - Income tax, NICs, Capital Gains Tax (Breakdown 2)"
2016-17,3.4,2022,"Macro Tax Summary - Income tax, NICs, Capital Gains Tax (Breakdown 2)"
2016-17,3.5,2023,"Macro Tax Summary - Income tax, NICs, Capital Gains Tax (Breakdown 2)"
2017-18,2.9,2022,"Macro Tax Summary - Income tax, NICs, Capital Gains Tax (Breakdown 2)"
2017-18,3.1,2023,"Macro Tax Summary - Income tax, NICs, Capital Gains Tax (Breakdown 2)"
2018-19,3.2,2022,"Macro Tax Summary - Income tax, NICs, Capital Gains Tax (Breakdown 2)"
2018-19,3.2,2023,"Macro Tax Summary - Income tax, NICs, Capital Gains Tax (Breakdown 2)"
2019-20,2.8,2022,"Macro Tax Summary - Income tax, NICs, Capital Gains Tax (Breakdown 2)"
2019-20,2.9,2023,"Macro Tax Summary - Income tax, NICs, Capital Gains Tax (Breakdown 2)"
2020-21,2.9,2022,"Macro Tax Summary - Income tax, NICs, Capital Gains Tax (Breakdown 2)"
2020-21,2.6,2023,"Macro Tax Summary - Income tax, NICs, Capital Gains Tax (Breakdown 2)"
2021-22,2.9,2023,"Macro Tax Summary - Income tax, NICs, Capital Gains Tax (Breakdown 2)"
2005-06,1.5,2022,"Macro Tax Summary - Income tax, NICs, Capital Gains Tax (Breakdown 3)"
2005-06,1.5,2023,"Macro Tax Summary - Income tax, NICs, Capital Gains Tax (Breakdown 3)"
2006-07,1.6,2022,"Macro Tax Summary - Income tax, NICs, Capital Gains Tax (Breakdown 3)"
2006-07,1.6,2023,"Macro Tax Summary - Income tax, NICs, Capital Gains Tax (Breakdown 3)"
2007-08,0.9,2022,"Macro Tax Summary - Income tax, NICs, Capital Gains Tax (Breakdown 3)"
2007-08,0.9,2023,"Macro Tax Summary - Income tax, NICs, Capital Gains Tax (Breakdown 3)"
2008-09,1.0,2022,"Macro Tax Summary - Income tax, NICs, Capital Gains Tax (Breakdown 3)"
2008-09,1.0,2023,"Macro Tax Summary - Income tax, NICs, Capital Gains Tax (Breakdown 3)"
2009-10,1.2,2022,"Macro Tax Summary - Income tax, NICs, Capital Gains Tax (Breakdown 3)"
2009-10,1.2,2023,"Macro Tax Summary - Income tax, NICs, Capital Gains Tax (Breakdown 3)"
2010-11,1.4,2022,"Macro Tax Summary - Income tax, NICs, Capital Gains Tax (Breakdown 3)"
2010-11,1.4,2023,"Macro Tax Summary - Income tax, NICs, Capital Gains Tax (Breakdown 3)"
2011-12,1.3,2022,"Macro Tax Summary - Income tax, NICs, Capital Gains Tax (Breakdown 3)"
2011-12,1.3,2023,"Macro Tax Summary - Income tax, NICs, Capital Gains Tax (Breakdown 3)"
2012-13,1.4,2022,"Macro Tax Summary - Income tax, NICs, Capital Gains Tax (Breakdown 3)"
2012-13,1.4,2023,"Macro Tax Summary - Income tax, NICs, Capital Gains Tax (Breakdown 3)"
2013-14,1.1,2022,"Macro Tax Summary - Income tax, NICs, Capital Gains Tax (Breakdown 3)"
2013-14,1.1,2023,"Macro Tax Summary - Income tax, NICs, Capital Gains Tax (Breakdown 3)"
2014-15,0.9,2022,"Macro Tax Summary - Income tax, NICs, Capital Gains Tax (Breakdown 3)"
2014-15,0.9,2023,"Macro Tax Summary - Income tax, NICs, Capital Gains Tax (Breakdown 3)"
2015-16,0.8,2022,"Macro Tax Summary - Income tax, NICs, Capital Gains Tax (Breakdown 3)"
2015-16,0.8,2023,"Macro Tax Summary - Income tax, NICs, Capital Gains Tax (Breakdown 3)"
2016-17,0.6,2022,"Macro Tax Summary - Income tax, NICs, Capital Gains Tax (Breakdown 3)"
2016-17,0.7,2023,"Macro Tax Summary - Income tax, NICs, Capital Gains Tax (Breakdown 3)"
2017-18,0.8,2022,"Macro Tax Summary - Income tax, NICs, Capital Gains Tax (Breakdown 3)"
2017-18,0.7,2023,"Macro Tax Summary - Income tax, NICs, Capital Gains Tax (Breakdown 3)"
2018-19,0.5,2022,"Macro Tax Summary - Income tax, NICs, Capital Gains Tax (Breakdown 3)"
2018-19,0.6,2023,"Macro Tax Summary - Income tax, NICs, Capital Gains Tax (Breakdown 3)"
2019-20,0.4,2022,"Macro Tax Summary - Income tax, NICs, Capital Gains Tax (Breakdown 3)"
2019-20,0.5,2023,"Macro Tax Summary - Income tax, NICs, Capital Gains Tax (Breakdown 3)"
2020-21,0.4,2022,"Macro Tax Summary - Income tax, NICs, Capital Gains Tax (Breakdown 3)"
2020-21,0.5,2023,"Macro Tax Summary - Income tax, NICs, Capital Gains Tax (Breakdown 3)"
2021-22,0.5,2023,"Macro Tax Summary - Income tax, NICs, Capital Gains Tax (Breakdown 3)"
2005-06,1.3,2022,"Macro Tax Summary - Income tax, NICs, Capital Gains Tax (Breakdown 4)"
2005-06,1.3,2023,"Macro Tax Summary - Income tax, NICs, Capital Gains Tax (Breakdown 4)"
2006-07,1.4,2022,"Macro Tax Summary - Income tax, NICs, Capital Gains Tax (Breakdown 4)"
2006-07,1.3,2023,"Macro Tax Summary - Income tax, NICs, Capital Gains Tax (Breakdown 4)"
2007-08,1.4,2022,"Macro Tax Summary - Income tax, NICs, Capital Gains Tax (Breakdown 4)"
2007-08,1.3,2023,"Macro Tax Summary - Income tax, NICs, Capital Gains Tax (Breakdown 4)"
2008-09,1.4,2022,"Macro Tax Summary - Income tax, NICs, Capital Gains Tax (Breakdown 4)"
2008-09,1.3,2023,"Macro Tax Summary - Income tax, NICs, Capital Gains Tax (Breakdown 4)"
2009-10,1.4,2022,"Macro Tax Summary - Income tax, NICs, Capital Gains Tax (Breakdown 4)"
2009-10,1.3,2023,"Macro Tax Summary - Income tax, NICs, Capital Gains Tax (Breakdown 4)"
2010-11,1.5,2022,"Macro Tax Summary - Income tax, NICs, Capital Gains Tax (Breakdown 4)"
2010-11,1.3,2023,"Macro Tax Summary - Income tax, NICs, Capital Gains Tax (Breakdown 4)"
2011-12,1.5,2022,"Macro Tax Summary - Income tax, NICs, Capital Gains Tax (Breakdown 4)"
2011-12,1.4,2023,"Macro Tax Summary - Income tax, NICs, Capital Gains Tax (Breakdown 4)"
2012-13,1.5,2022,"Macro Tax Summary - Income tax, NICs, Capital Gains Tax (Breakdown 4)"
2012-13,1.4,2023,"Macro Tax Summary - Income tax, NICs, Capital Gains Tax (Breakdown 4)"
2013-14,1.6,2022,"Macro Tax Summary - Income tax, NICs, Capital Gains Tax (Breakdown 4)"
2013-14,1.4,2023,"Macro Tax Summary - Income tax, NICs, Capital Gains Tax (Breakdown 4)"
2014-15,1.7,2022,"Macro Tax Summary - Income tax, NICs, Capital Gains Tax (Breakdown 4)"
2014-15,1.5,2023,"Macro Tax Summary - Income tax, NICs, Capital Gains Tax (Breakdown 4)"
2015-16,1.7,2022,"Macro Tax Summary - Income tax, NICs, Capital Gains Tax (Breakdown 4)"
2015-16,1.5,2023,"Macro Tax Summary - Income tax, NICs, Capital Gains Tax (Breakdown 4)"
2016-17,1.8,2022,"Macro Tax Summary - Income tax, NICs, Capital Gains Tax (Breakdown 4)"
2016-17,1.5,2023,"Macro Tax Summary - Income tax, NICs, Capital Gains Tax (Breakdown 4)"
2017-18,1.9,2022,"Macro Tax Summary - Income tax, NICs, Capital Gains Tax (Breakdown 4)"
2017-18,1.4,2023,"Macro Tax Summary - Income tax, NICs, Capital Gains Tax (Breakdown 4)"
2018-19,1.9,2022,"Macro Tax Summary - Income tax, NICs, Capital Gains Tax (Breakdown 4)"
2018-19,1.4,2023,"Macro Tax Summary - Income tax, NICs, Capital Gains Tax (Breakdown 4)"
2019-20,2.0,2022,"Macro Tax Summary - Income tax, NICs, Capital Gains Tax (Breakdown 4)"
2019-20,1.3,2023,"Macro Tax Summary - Income tax, NICs, Capital Gains Tax (Breakdown 4)"
2020-21,2.0,2022,"Macro Tax Summary - Income tax, NICs, Capital Gains Tax (Breakdown 4)"
2020-21,1.3,2023,"Macro Tax Summary - Income tax, NICs, Capital Gains Tax (Breakdown 4)"
2021-22,1.4,2023,"Macro Tax Summary - Income tax, NICs, Capital Gains Tax (Breakdown 4)"
2005-06,10.5,2022,"Macro Tax Summary - Income tax, NICs, Capital Gains Tax (Breakdown 5)"
2005-06,10.6,2023,"Macro Tax Summary - Income tax, NICs, Capital Gains Tax (Breakdown 5)"
2006-07,10.7,2022,"Macro Tax Summary - Income tax, NICs, Capital Gains Tax (Breakdown 5)"
2006-07,10.7,2023,"Macro Tax Summary - Income tax, NICs, Capital Gains Tax (Breakdown 5)"
2007-08,11.4,2022,"Macro Tax Summary - Income tax, NICs, Capital Gains Tax (Breakdown 5)"
2007-08,11.4,2023,"Macro Tax Summary - Income tax, NICs, Capital Gains Tax (Breakdown 5)"
2008-09,9.9,2022,"Macro Tax Summary - Income tax, NICs, Capital Gains Tax (Breakdown 5)"
2008-09,9.8,2023,"Macro Tax Summary - Income tax, NICs, Capital Gains Tax (Breakdown 5)"
2009-10,10.5,2022,"Macro Tax Summary - Income tax, NICs, Capital Gains Tax (Breakdown 5)"
2009-10,10.4,2023,"Macro Tax Summary - Income tax, NICs, Capital Gains Tax (Breakdown 5)"
2010-11,12.2,2022,"Macro Tax Summary - Income tax, NICs, Capital Gains Tax (Breakdown 5)"
2010-11,12.4,2023,"Macro Tax Summary - Income tax, NICs, Capital Gains Tax (Breakdown 5)"
2011-12,11.9,2022,"Macro Tax Summary - Income tax, NICs, Capital Gains Tax (Breakdown 5)"
2011-12,11.7,2023,"Macro Tax Summary - Income tax, NICs, Capital Gains Tax (Breakdown 5)"
2012-13,13.4,2022,"Macro Tax Summary - Income tax, NICs, Capital Gains Tax (Breakdown 5)"
2012-13,13.3,2023,"Macro Tax Summary - Income tax, NICs, Capital Gains Tax (Breakdown 5)"
2013-14,15.0,2022,"Macro Tax Summary - Income tax, NICs, Capital Gains Tax (Breakdown 5)"
2013-14,14.8,2023,"Macro Tax Summary - Income tax, NICs, Capital Gains Tax (Breakdown 5)"
2014-15,15.3,2022,"Macro Tax Summary - Income tax, NICs, Capital Gains Tax (Breakdown 5)"
2014-15,15.2,2023,"Macro Tax Summary - Income tax, NICs, Capital Gains Tax (Breakdown 5)"
2015-16,12.6,2022,"Macro Tax Summary - Income tax, NICs, Capital Gains Tax (Breakdown 5)"
2015-16,12.4,2023,"Macro Tax Summary - Income tax, NICs, Capital Gains Tax (Breakdown 5)"
2016-17,11.5,2022,"Macro Tax Summary - Income tax, NICs, Capital Gains Tax (Breakdown 5)"
2016-17,11.3,2023,"Macro Tax Summary - Income tax, NICs, Capital Gains Tax (Breakdown 5)"
2017-18,11.4,2022,"Macro Tax Summary - Income tax, NICs, Capital Gains Tax (Breakdown 5)"
2017-18,10.6,2023,"Macro Tax Summary - Income tax, NICs, Capital Gains Tax (Breakdown 5)"
2018-19,11.9,2022,"Macro Tax Summary - Income tax, NICs, Capital Gains Tax (Breakdown 5)"
2018-19,12.2,2023,"Macro Tax Summary - Income tax, NICs, Capital Gains Tax (Breakdown 5)"
2019-20,11.4,2022,"Macro Tax Summary - Income tax, NICs, Capital Gains Tax (Breakdown 5)"
2019-20,10.3,2023,"Macro Tax Summary - Income tax, NICs, Capital Gains Tax (Breakdown 5)"
2020-21,12.7,2022,"Macro Tax Summary - Income tax, NICs, Capital Gains Tax (Breakdown 5)"
2020-21,10.5,2023,"Macro Tax Summary - Income tax, NICs, Capital Gains Tax (Breakdown 5)"
2021-22,12.7,2023,"Macro Tax Summary - Income tax, NICs, Capital Gains Tax (Breakdown 5)"
2005-06,0.3,2022,Macro Tax Summary - Other taxes (Breakdown 1)
2005-06,0.3,2023,Macro Tax Summary - Other taxes (Breakdown 1)
2005-06,0.3,2025,Macro Tax Summary - Other taxes (Breakdown 1)
2006-07,0.4,2022,Macro Tax Summary - Other taxes (Breakdown 1)
2006-07,0.4,2023,Macro Tax Summary - Other taxes (Breakdown 1)
2006-07,0.4,2025,Macro Tax Summary - Other taxes (Breakdown 1)
2007-08,0.4,2022,Macro Tax Summary - Other taxes (Breakdown 1)
2007-08,0.4,2023,Macro Tax Summary - Other taxes (Breakdown 1)
2007-08,0.4,2025,Macro Tax Summary - Other taxes (Breakdown 1)
2008-09,0.2,2022,Macro Tax Summary - Other taxes (Breakdown 1)
2008-09,0.2,2023,Macro Tax Summary - Other taxes (Breakdown 1)
2008-09,0.2,2025,Macro Tax Summary - Other taxes (Breakdown 1)
2009-10,0.2,2022,Macro Tax Summary - Other taxes (Breakdown 1)
2009-10,0.2,2023,Macro Tax Summary - Other taxes (Breakdown 1)
2009-10,0.2,2025,Macro Tax Summary - Other taxes (Breakdown 1)
2010-11,0.2,2022,Macro Tax Summary - Other taxes (Breakdown 1)
2010-11,0.2,2023,Macro Tax Summary - Other taxes (Breakdown 1)
2010-11,0.2,2025,Macro Tax Summary - Other taxes (Breakdown 1)
2011-12,0.2,2022,Macro Tax Summary - Other taxes (Breakdown 1)
2011-12,0.2,2023,Macro Tax Summary - Other taxes (Breakdown 1)
2011-12,0.2,2025,Macro Tax Summary - Other taxes (Breakdown 1)
2012-13,0.2,2022,Macro Tax Summary - Other taxes (Breakdown 1)
2012-13,0.2,2023,Macro Tax Summary - Other taxes (Breakdown 1)
2012-13,0.2,2025,Macro Tax Summary - Other taxes (Breakdown 1)
2013-14,0.2,2022,Macro Tax Summary - Other taxes (Breakdown 1)
2013-14,0.2,2023,Macro Tax Summary - Other taxes (Breakdown 1)
2013-14,0.2,2025,Macro Tax Summary - Other taxes (Breakdown 1)
2014-15,0.2,2022,Macro Tax Summary - Other taxes (Breakdown 1)
2014-15,0.2,2023,Macro Tax Summary - Other taxes (Breakdown 1)
2014-15,0.2,2025,Macro Tax Summary - Other taxes (Breakdown 1)
2015-16,0.2,2022,Macro Tax Summary - Other taxes (Breakdown 1)
2015-16,0.2,2023,Macro Tax Summary - Other taxes (Breakdown 1)
2015-16,0.2,2025,Macro Tax Summary - Other taxes (Breakdown 1)
2016-17,0.2,2022,Macro Tax Summary - Other taxes (Breakdown 1)
2016-17,0.2,2023,Macro Tax Summary - Other taxes (Breakdown 1)
2016-17,0.2,2025,Macro Tax Summary - Other taxes (Breakdown 1)
2017-18,0.2,2022,Macro Tax Summary - Other taxes (Breakdown 1)
2017-18,0.2,2023,Macro Tax Summary - Other taxes (Breakdown 1)
2017-18,0.2,2025,Macro Tax Summary - Other taxes (Breakdown 1)
2018-19,0.2,2022,Macro Tax Summary - Other taxes (Breakdown 1)
2018-19,0.2,2023,Macro Tax Summary - Other taxes (Breakdown 1)
2018-19,0.3,2025,Macro Tax Summary - Other taxes (Breakdown 1)
2019-20,0.3,2022,Macro Tax Summary - Other taxes (Breakdown 1)
2019-20,0.3,2023,Macro Tax Summary - Other taxes (Breakdown 1)
2019-20,0.4,2025,Macro Tax Summary - Other taxes (Breakdown 1)
2020-21,0.2,2022,Macro Tax Summary - Other taxes (Breakdown 1)
2020-21,0.2,2023,Macro Tax Summary - Other taxes (Breakdown 1)
2020-21,0.3,2025,Macro Tax Summary - Other taxes (Breakdown 1)
2021-22,0.3,2023,Macro Tax Summary - Other taxes (Breakdown 1)
2021-22,0.3,2025,Macro Tax Summary - Other taxes (Breakdown 1)
2022-23,0.4,2025,Macro Tax Summary - Other taxes (Breakdown 1)
2023-24,0.3,2025,Macro Tax Summary - Other taxes (Breakdown 1)
2005-06,0.1,2022,Macro Tax Summary - Other taxes (Breakdown 2)
2005-06,0.1,2023,Macro Tax Summary - Other taxes (Breakdown 2)
2005-06,0.1,2025,Macro Tax Summary - Other taxes (Breakdown 2)
2006-07,0.1,2022,Macro Tax Summary - Other taxes (Breakdown 2)
2006-07,0.1,2023,Macro Tax Summary - Other taxes (Breakdown 2)
2006-07,0.1,2025,Macro Tax Summary - Other taxes (Breakdown 2)
2007-08,0.2,2022,Macro Tax Summary - Other taxes (Breakdown 2)
2007-08,0.2,2023,Macro Tax Summary - Other taxes (Breakdown 2)
2007-08,0.2,2025,Macro Tax Summary - Other taxes (Breakdown 2)
2008-09,0.2,2022,Macro Tax Summary - Other taxes (Breakdown 2)
2008-09,0.2,2023,Macro Tax Summary - Other taxes (Breakdown 2)
2008-09,0.2,2025,Macro Tax Summary - Other taxes (Breakdown 2)
2009-10,0.2,2022,Macro Tax Summary - Other taxes (Breakdown 2)
2009-10,0.2,2023,Macro Tax Summary - Other taxes (Breakdown 2)
2009-10,0.2,2025,Macro Tax Summary - Other taxes (Breakdown 2)
2010-11,0.2,2022,Macro Tax Summary - Other taxes (Breakdown 2)
2010-11,0.2,2023,Macro Tax Summary - Other taxes (Breakdown 2)
2010-11,0.2,2025,Macro Tax Summary - Other taxes (Breakdown 2)
2011-12,0.2,2022,Macro Tax Summary - Other taxes (Breakdown 2)
2011-12,0.2,2023,Macro Tax Summary - Other taxes (Breakdown 2)
2011-12,0.2,2025,Macro Tax Summary - Other taxes (Breakdown 2)
2012-13,0.3,2022,Macro Tax Summary - Other taxes (Breakdown 2)
2012-13,0.3,2023,Macro Tax Summary - Other taxes (Breakdown 2)
2012-13,0.3,2025,Macro Tax Summary - Other taxes (Breakdown 2)
2013-14,0.3,2022,Macro Tax Summary - Other taxes (Breakdown 2)
2013-14,0.3,2023,Macro Tax Summary - Other taxes (Breakdown 2)
2013-14,0.3,2025,Macro Tax Summary - Other taxes (Breakdown 2)
2014-15,0.3,2022,Macro Tax Summary - Other taxes (Breakdown 2)
2014-15,0.3,2023,Macro Tax Summary - Other taxes (Breakdown 2)
2014-15,0.3,2025,Macro Tax Summary - Other taxes (Breakdown 2)
2015-16,0.3,2022,Macro Tax Summary - Other taxes (Breakdown 2)
2015-16,0.3,2023,Macro Tax Summary - Other taxes (Breakdown 2)
2015-16,0.3,2025,Macro Tax Summary - Other taxes (Breakdown 2)
2016-17,0.3,2022,Macro Tax Summary - Other taxes (Breakdown 2)
2016-17,0.3,2023,Macro Tax Summary - Other taxes (Breakdown 2)
2016-17,0.3,2025,Macro Tax Summary - Other taxes (Breakdown 2)
2017-18,0.4,2022,Macro Tax Summary - Other taxes (Breakdown 2)
2017-18,0.4,2023,Macro Tax Summary - Other taxes (Breakdown 2)
2017-18,0.4,2025,Macro Tax Summary - Other taxes (Breakdown 2)
2018-19,0.4,2022,Macro Tax Summary - Other taxes (Breakdown 2)
2018-19,0.4,2023,Macro Tax Summary - Other taxes (Breakdown 2)
2018-19,0.4,2025,Macro Tax Summary - Other taxes (Breakdown 2)
2019-20,0.4,2022,Macro Tax Summary - Other taxes (Breakdown 2)
2019-20,0.3,2023,Macro Tax Summary - Other taxes (Breakdown 2)
2019-20,0.4,2025,Macro Tax Summary - Other taxes (Breakdown 2)
2020-21,0.4,2022,Macro Tax Summary - Other taxes (Breakdown 2)
2020-21,0.4,2023,Macro Tax Summary - Other taxes (Breakdown 2)
2020-21,0.2,2025,Macro Tax Summary - Other taxes (Breakdown 2)
2021-22,0.3,2023,Macro Tax Summary - Other taxes (Breakdown 2)
2021-22,0.4,2025,Macro Tax Summary - Other taxes (Breakdown 2)
2022-23,0.2,2025,Macro Tax Summary - Other taxes (Breakdown 2)
2023-24,0.3,2025,Macro Tax Summary - Other taxes (Breakdown 2)
2009-10,0.1,2022,Macro Tax Summary - Other taxes (Breakdown 3)
2009-10,0.1,2023,Macro Tax Summary - Other taxes (Breakdown 3)
2010-11,0.1,2023,Macro Tax Summary - Other taxes (Breakdown 3)
2011-12,0.1,2022,Macro Tax Summary - Other taxes (Breakdown 3)
2011-12,0.1,2023,Macro Tax Summary - Other taxes (Breakdown 3)
2011-12,0.1,2025,Macro Tax Summary - Other taxes (Breakdown 3)
2012-13,0.1,2022,Macro Tax Summary - Other taxes (Breakdown 3)
2012-13,0.1,2023,Macro Tax Summary - Other taxes (Breakdown 3)
2012-13,0.1,2025,Macro Tax Summary - Other taxes (Breakdown 3)
2013-14,0.1,2022,Macro Tax Summary - Other taxes (Breakdown 3)
2013-14,0.1,2023,Macro Tax Summary - Other taxes (Breakdown 3)
2013-14,0.1,2025,Macro Tax Summary - Other taxes (Breakdown 3)
2014-15,0.1,2022,Macro Tax Summary - Other taxes (Breakdown 3)
2014-15,0.1,2023,Macro Tax Summary - Other taxes (Breakdown 3)
2014-15,0.1,2025,Macro Tax Summary - Other taxes (Breakdown 3)
2015-16,0.1,2022,Macro Tax Summary - Other taxes (Breakdown 3)
2015-16,0.1,2023,Macro Tax Summary - Other taxes (Breakdown 3)
2015-16,0.1,2025,Macro Tax Summary - Other taxes (Breakdown 3)
2016-17,0.1,2022,Macro Tax Summary - Other taxes (Breakdown 3)
2016-17,0.1,2023,Macro Tax Summary - Other taxes (Breakdown 3)
2016-17,0.1,2025,Macro Tax Summary - Other taxes (Breakdown 3)
2017-18,0.1,2022,Macro Tax Summary - Other taxes (Breakdown 3)
2017-18,0.1,2023,Macro Tax Summary - Other taxes (Breakdown 3)
2017-18,0.1,2025,Macro Tax Summary - Other taxes (Breakdown 3)
2018-19,0.3,2022,Macro Tax Summary - Other taxes (Breakdown 3)
2018-19,0.3,2023,Macro Tax Summary - Other taxes (Breakdown 3)
2018-19,0.3,2025,Macro Tax Summary - Other taxes (Breakdown 3)
2019-20,0.2,2022,Macro Tax Summary - Other taxes (Breakdown 3)
2019-20,0.2,2023,Macro Tax Summary - Other taxes (Breakdown 3)
2019-20,0.2,2025,Macro Tax Summary - Other taxes (Breakdown 3)
2020-21,0.1,2022,Macro Tax Summary - Other taxes (Breakdown 3)
2020-21,0.1,2023,Macro Tax Summary - Other taxes (Breakdown 3)
2020-21,0.1,2025,Macro Tax Summary - Other taxes (Breakdown 3)
2021-22,0.2,2023,Macro Tax Summary - Other taxes (Breakdown 3)
2021-22,0.2,2025,Macro Tax Summary - Other taxes (Breakdown 3)
2022-23,0.1,2025,Macro Tax Summary - Other taxes (Breakdown 3)
2023-24,0.1,2025,Macro Tax Summary - Other taxes (Breakdown 3)
2005-06,0.5,2022,Macro Tax Summary - Other taxes (Breakdown 4)
2005-06,0.5,2023,Macro Tax Summary - Other taxes (Breakdown 4)
2005-06,0.5,2025,Macro Tax Summary - Other taxes (Breakdown 4)
2006-07,0.5,2022,Macro Tax Summary - Other taxes (Breakdown 4)
2006-07,0.5,2023,Macro Tax Summary - Other taxes (Breakdown 4)
2006-07,0.5,2025,Macro Tax Summary - Other taxes (Breakdown 4)
2007-08,0.5,2022,Macro Tax Summary - Other taxes (Breakdown 4)
2007-08,0.5,2023,Macro Tax Summary - Other taxes (Breakdown 4)
2007-08,0.5,2025,Macro Tax Summary - Other taxes (Breakdown 4)
2008-09,0.6,2022,Macro Tax Summary - Other taxes (Breakdown 4)
2008-09,0.6,2023,Macro Tax Summary - Other taxes (Breakdown 4)
2008-09,0.6,2025,Macro Tax Summary - Other taxes (Breakdown 4)
2009-10,0.5,2022,Macro Tax Summary - Other taxes (Breakdown 4)
2009-10,0.5,2023,Macro Tax Summary - Other taxes (Breakdown 4)
2009-10,0.5,2025,Macro Tax Summary - Other taxes (Breakdown 4)
2010-11,0.6,2022,Macro Tax Summary - Other taxes (Breakdown 4)
2010-11,0.6,2023,Macro Tax Summary - Other taxes (Breakdown 4)
2010-11,0.6,2025,Macro Tax Summary - Other taxes (Breakdown 4)
2011-12,0.6,2022,Macro Tax Summary - Other taxes (Breakdown 4)
2011-12,0.6,2023,Macro Tax Summary - Other taxes (Breakdown 4)
2011-12,0.6,2025,Macro Tax Summary - Other taxes (Breakdown 4)
2012-13,0.7,2022,Macro Tax Summary - Other taxes (Breakdown 4)
2012-13,0.7,2023,Macro Tax Summary - Other taxes (Breakdown 4)
2012-13,0.7,2025,Macro Tax Summary - Other taxes (Breakdown 4)
2013-14,0.8,2022,Macro Tax Summary - Other taxes (Breakdown 4)
2013-14,0.8,2023,Macro Tax Summary - Other taxes (Breakdown 4)
2013-14,0.8,2025,Macro Tax Summary - Other taxes (Breakdown 4)
2014-15,0.8,2022,Macro Tax Summary - Other taxes (Breakdown 4)
2014-15,0.8,2023,Macro Tax Summary - Other taxes (Breakdown 4)
2014-15,0.7,2025,Macro Tax Summary - Other taxes (Breakdown 4)
2015-16,0.7,2022,Macro Tax Summary - Other taxes (Breakdown 4)
2015-16,0.7,2023,Macro Tax Summary - Other taxes (Breakdown 4)
2015-16,0.7,2025,Macro Tax Summary - Other taxes (Breakdown 4)
2016-17,0.8,2022,Macro Tax Summary - Other taxes (Breakdown 4)
2016-17,0.8,2023,Macro Tax Summary - Other taxes (Breakdown 4)
2016-17,0.8,2025,Macro Tax Summary - Other taxes (Breakdown 4)
2017-18,0.8,2022,Macro Tax Summary - Other taxes (Breakdown 4)
2017-18,0.8,2023,Macro Tax Summary - Other taxes (Breakdown 4)
2017-18,0.8,2025,Macro Tax Summary - Other taxes (Breakdown 4)
2018-19,0.8,2022,Macro Tax Summary - Other taxes (Breakdown 4)
2018-19,0.8,2023,Macro Tax Summary - Other taxes (Breakdown 4)
2018-19,0.8,2025,Macro Tax Summary - Other taxes (Breakdown 4)
2019-20,0.9,2022,Macro Tax Summary - Other taxes (Breakdown 4)
2019-20,0.9,2023,Macro Tax Summary - Other taxes (Breakdown 4)
2019-20,1.0,2025,Macro Tax Summary - Other taxes (Breakdown 4)
2020-21,0.7,2022,Macro Tax Summary - Other taxes (Breakdown 4)
2020-21,0.6,2023,Macro Tax Summary - Other taxes (Breakdown 4)
2020-21,0.7,2025,Macro Tax Summary - Other taxes (Breakdown 4)
2021-22,0.8,2023,Macro Tax Summary - Other taxes (Breakdown 4)
2021-22,0.9,2025,Macro Tax Summary - Other taxes (Breakdown 4)
2022-23,1.2,2025,Macro Tax Summary - Other taxes (Breakdown 4)
2023-24,1.1,2025,Macro Tax Summary - Other taxes (Breakdown 4)
2005-06,1.0,2022,Macro Tax Summary - Other taxes (Breakdown 5)
2005-06,1.0,2023,Macro Tax Summary - Other taxes (Breakdown 5)
2005-06,1.0,2025,Macro Tax Summary - Other taxes (Breakdown 5)
2006-07,1.0,2022,Macro Tax Summary - Other taxes (Breakdown 5)
2006-07,1.0,2023,Macro Tax Summary - Other taxes (Breakdown 5)
2006-07,1.0,2025,Macro Tax Summary - Other taxes (Breakdown 5)
2007-08,1.1,2022,Macro Tax Summary - Other taxes (Breakdown 5)
2007-08,1.1,2023,Macro Tax Summary - Other taxes (Breakdown 5)
2007-08,1.1,2025,Macro Tax Summary - Other taxes (Breakdown 5)
2008-09,1.0,2022,Macro Tax Summary - Other taxes (Breakdown 5)
2008-09,1.0,2023,Macro Tax Summary - Other taxes (Breakdown 5)
2008-09,1.0,2025,Macro Tax Summary - Other taxes (Breakdown 5)
2009-10,1.0,2022,Macro Tax Summary - Other taxes (Breakdown 5)
2009-10,1.0,2023,Macro Tax Summary - Other taxes (Breakdown 5)
2009-10,1.0,2025,Macro Tax Summary - Other taxes (Breakdown 5)
2010-11,1.1,2022,Macro Tax Summary - Other taxes (Breakdown 5)
2010-11,1.1,2023,Macro Tax Summary - Other taxes (Breakdown 5)
2010-11,1.0,2025,Macro Tax Summary - Other taxes (Breakdown 5)
2011-12,1.2,2022,Macro Tax Summary - Other taxes (Breakdown 5)
2011-12,1.2,2023,Macro Tax Summary - Other taxes (Breakdown 5)
2011-12,1.2,2025,Macro Tax Summary - Other taxes (Breakdown 5)
2012-13,1.2,2022,Macro Tax Summary - Other taxes (Breakdown 5)
2012-13,1.2,2023,Macro Tax Summary - Other taxes (Breakdown 5)
2012-13,1.2,2025,Macro Tax Summary - Other taxes (Breakdown 5)
2013-14,1.4,2022,Macro Tax Summary - Other taxes (Breakdown 5)
2013-14,1.4,2023,Macro Tax Summary - Other taxes (Breakdown 5)
2013-14,1.3,2025,Macro Tax Summary - Other taxes (Breakdown 5)
2014-15,1.4,2022,Macro Tax Summary - Other taxes (Breakdown 5)
2014-15,1.4,2023,Macro Tax Summary - Other taxes (Breakdown 5)
2014-15,1.3,2025,Macro Tax Summary - Other taxes (Breakdown 5)
2015-16,1.4,2022,Macro Tax Summary - Other taxes (Breakdown 5)
2015-16,1.3,2023,Macro Tax Summary - Other taxes (Breakdown 5)
2015-16,1.3,2025,Macro Tax Summary - Other taxes (Breakdown 5)
2016-17,1.4,2022,Macro Tax Summary - Other taxes (Breakdown 5)
2016-17,1.4,2023,Macro Tax Summary - Other taxes (Breakdown 5)
2016-17,1.4,2025,Macro Tax Summary - Other taxes (Breakdown 5)
2017-18,1.6,2022,Macro Tax Summary - Other taxes (Breakdown 5)
2017-18,1.6,2023,Macro Tax Summary - Other taxes (Breakdown 5)
2017-18,1.6,2025,Macro Tax Summary - Other taxes (Breakdown 5)
2018-19,1.7,2022,Macro Tax Summary - Other taxes (Breakdown 5)
2018-19,1.7,2023,Macro Tax Summary - Other taxes (Breakdown 5)
2018-19,1.9,2025,Macro Tax Summary - Other taxes (Breakdown 5)
2019-20,1.7,2022,Macro Tax Summary - Other taxes (Breakdown 5)
2019-20,1.7,2023,Macro Tax Summary - Other taxes (Breakdown 5)
2019-20,2.0,2025,Macro Tax Summary - Other taxes (Breakdown 5)
2020-21,1.4,2022,Macro Tax Summary - Other taxes (Breakdown 5)
2020-21,1.3,2023,Macro Tax Summary - Other taxes (Breakdown 5)
2020-21,1.3,2025,Macro Tax Summary - Other taxes (Breakdown 5)
2021-22,1.5,2023,Macro Tax Summary - Other taxes (Breakdown 5)
2021-22,1.8,2025,Macro Tax Summary - Other taxes (Breakdown 5)
2022-23,1.9,2025,Macro Tax Summary - Other taxes (Breakdown 5)
2023-24,1.9,2025,Macro Tax Summary - Other taxes (Breakdown 5)
2005-06,0.075,2022,Macro Tax Summary - Total percentage tax gap (%) (Breakdown 1)
2006-07,0.068,2022,Macro Tax Summary - Total percentage tax gap (%) (Breakdown 1)
2007-08,0.062,2022,Macro Tax Summary - Total percentage tax gap (%) (Breakdown 1)
2008-09,0.069,2022,Macro Tax Summary - Total percentage tax gap (%) (Breakdown 1)
2009-10,0.066,2022,Macro Tax Summary - Total percentage tax gap (%) (Breakdown 1)
2010-11,0.063,2022,Macro Tax Summary - Total percentage tax gap (%) (Breakdown 1)
2011-12,0.063,2022,Macro Tax Summary - Total percentage tax gap (%) (Breakdown 1)
2012-13,0.067,2022,Macro Tax Summary - Total percentage tax gap (%) (Breakdown 1)
2013-14,0.072,2022,Macro Tax Summary - Total percentage tax gap (%) (Breakdown 1)
2014-15,0.067,2022,Macro Tax Summary - Total percentage tax gap (%) (Breakdown 1)
2015-16,0.06,2022,Macro Tax Summary - Total percentage tax gap (%) (Breakdown 1)
2016-17,0.056,2022,Macro Tax Summary - Total percentage tax gap (%) (Breakdown 1)
2017-18,0.052,2022,Macro Tax Summary - Total percentage tax gap (%) (Breakdown 1)
2018-19,0.049,2022,Macro Tax Summary - Total percentage tax gap (%) (Breakdown 1)
2019-20,0.051,2022,Macro Tax Summary - Total percentage tax gap (%) (Breakdown 1)
2020-21,0.051,2022,Macro Tax Summary - Total percentage tax gap (%) (Breakdown 1)
2005-06,33.0,2022,Macro Tax Summary - Total tax gap (Breakdown 1)
2005-06,32.6,2023,Macro Tax Summary - Total tax gap (Breakdown 1)
2005-06,32.5,2025,Macro Tax Summary - Total tax gap (Breakdown 1)
2006-07,31.0,2022,Macro Tax Summary - Total tax gap (Breakdown 1)
2006-07,30.3,2023,Macro Tax Summary - Total tax gap (Breakdown 1)
2006-07,30.4,2025,Macro Tax Summary - Total tax gap (Breakdown 1)
2007-08,30.0,2022,Macro Tax Summary - Total tax gap (Breakdown 1)
2007-08,29.5,2023,Macro Tax Summary - Total tax gap (Breakdown 1)
2007-08,29.5,2025,Macro Tax Summary - Total tax gap (Breakdown 1)
2008-09,33.0,2022,Macro Tax Summary - Total tax gap (Breakdown 1)
2008-09,32.2,2023,Macro Tax Summary - Total tax gap (Breakdown 1)
2008-09,31.6,2025,Macro Tax Summary - Total tax gap (Breakdown 1)
2009-10,29.0,2022,Macro Tax Summary - Total tax gap (Breakdown 1)
2009-10,28.8,2023,Macro Tax Summary - Total tax gap (Breakdown 1)
2009-10,28.6,2025,Macro Tax Summary - Total tax gap (Breakdown 1)
2010-11,31.0,2022,Macro Tax Summary - Total tax gap (Breakdown 1)
2010-11,29.8,2023,Macro Tax Summary - Total tax gap (Breakdown 1)
2010-11,29.6,2025,Macro Tax Summary - Total tax gap (Breakdown 1)
2011-12,31.0,2022,Macro Tax Summary - Total tax gap (Breakdown 1)
2011-12,30.2,2023,Macro Tax Summary - Total tax gap (Breakdown 1)
2011-12,30.1,2025,Macro Tax Summary - Total tax gap (Breakdown 1)
2012-13,34.0,2022,Macro Tax Summary - Total tax gap (Breakdown 1)
2012-13,33.1,2023,Macro Tax Summary - Total tax gap (Breakdown 1)
2012-13,33.1,2025,Macro Tax Summary - Total tax gap (Breakdown 1)
2013-14,38.0,2022,Macro Tax Summary - Total tax gap (Breakdown 1)
2013-14,37.1,2023,Macro Tax Summary - Total tax gap (Breakdown 1)
2013-14,36.5,2025,Macro Tax Summary - Total tax gap (Breakdown 1)
2014-15,37.0,2022,Macro Tax Summary - Total tax gap (Breakdown 1)
2014-15,36.3,2023,Macro Tax Summary - Total tax gap (Breakdown 1)
2014-15,32.8,2025,Macro Tax Summary - Total tax gap (Breakdown 1)
2015-16,34.0,2022,Macro Tax Summary - Total tax gap (Breakdown 1)
2015-16,32.8,2023,Macro Tax Summary - Total tax gap (Breakdown 1)
2015-16,33.0,2025,Macro Tax Summary - Total tax gap (Breakdown 1)
2016-17,34.0,2022,Macro Tax Summary - Total tax gap (Breakdown 1)
2016-17,33.1,2023,Macro Tax Summary - Total tax gap (Breakdown 1)
2016-17,32.7,2025,Macro Tax Summary - Total tax gap (Breakdown 1)
2017-18,33.0,2022,Macro Tax Summary - Total tax gap (Breakdown 1)
2017-18,31.2,2023,Macro Tax Summary - Total tax gap (Breakdown 1)
2017-18,31.9,2025,Macro Tax Summary - Total tax gap (Breakdown 1)
2018-19,32.0,2022,Macro Tax Summary - Total tax gap (Breakdown 1)
2018-19,32.1,2023,Macro Tax Summary - Total tax gap (Breakdown 1)
2018-19,33.3,2025,Macro Tax Summary - Total tax gap (Breakdown 1)
2019-20,34.0,2022,Macro Tax Summary - Total tax gap (Breakdown 1)
2019-20,34.5,2023,Macro Tax Summary - Total tax gap (Breakdown 1)
2019-20,38.5,2025,Macro Tax Summary - Total tax gap (Breakdown 1)
2020-21,32.0,2022,Macro Tax Summary - Total tax gap (Breakdown 1)
2020-21,30.8,2023,Macro Tax Summary - Total tax gap (Breakdown 1)
2020-21,34.2,2025,Macro Tax Summary - Total tax gap (Breakdown 1)
2021-22,35.8,2023,Macro Tax Summary - Total tax gap (Breakdown 1)
2021-22,41.8,2025,Macro Tax Summary - Total tax gap (Breakdown 1)
2022-23,46.4,2025,Macro Tax Summary - Total tax gap (Breakdown 1)
2023-24,46.8,2025,Macro Tax Summary - Total tax gap (Breakdown 1)
2005-06,436.0,2022,Macro Tax Summary - Total theoretical tax liabilities (Breakdown 1)
2006-07,460.0,2022,Macro Tax Summary - Total theoretical tax liabilities (Breakdown 1)
2007-08,487.0,2022,Macro Tax Summary - Total theoretical tax liabilities (Breakdown 1)
2008-09,479.0,2022,Macro Tax Summary - Total theoretical tax liabilities (Breakdown 1)
2009-10,444.0,2022,Macro Tax Summary - Total theoretical tax liabilities (Breakdown 1)
2010-11,484.0,2022,Macro Tax Summary - Total theoretical tax liabilities (Breakdown 1)
2011-12,503.0,2022,Macro Tax Summary - Total theoretical tax liabilities (Breakdown 1)
2012-13,507.0,2022,Macro Tax Summary - Total theoretical tax liabilities (Breakdown 1)
2013-14,530.0,2022,Macro Tax Summary - Total theoretical tax liabilities (Breakdown 1)
2014-15,551.0,2022,Macro Tax Summary - Total theoretical tax liabilities (Breakdown 1)
2015-16,567.0,2022,Macro Tax Summary - Total theoretical tax liabilities (Breakdown 1)
2016-17,602.0,2022,Macro Tax Summary - Total theoretical tax liabilities (Breakdown 1)
2017-18,627.0,2022,Macro Tax Summary - Total theoretical tax liabilities (Breakdown 1)
2018-19,654.0,2022,Macro Tax Summary - Total theoretical tax liabilities (Breakdown 1)
2019-20,672.0,2022,Macro Tax Summary - Total theoretical tax liabilities (Breakdown 1)
2020-21,635.0,2022,Macro Tax Summary - Total theoretical tax liabilities (Breakdown 1)
2005-06,437.9,2023,Macro Tax Summary - Total theoretical tax liability (Breakdown 1)
2005-06,437.7,2025,Macro Tax Summary - Total theoretical tax liability (Breakdown 1)
2006-07,459.8,2023,Macro Tax Summary - Total theoretical tax liability (Breakdown 1)
2006-07,460.0,2025,Macro Tax Summary - Total theoretical tax liability (Breakdown 1)
2007-08,485.4,2023,Macro Tax Summary - Total theoretical tax liability (Breakdown 1)
2007-08,485.5,2025,Macro Tax Summary - Total theoretical tax liability (Breakdown 1)
2008-09,466.5,2023,Macro Tax Summary - Total theoretical tax liability (Breakdown 1)
2008-09,465.9,2025,Macro Tax Summary - Total theoretical tax liability (Breakdown 1)
2009-10,450.3,2023,Macro Tax Summary - Total theoretical tax liability (Breakdown 1)
2009-10,450.1,2025,Macro Tax Summary - Total theoretical tax liability (Breakdown 1)
2010-11,478.4,2023,Macro Tax Summary - Total theoretical tax liability (Breakdown 1)
2010-11,478.2,2025,Macro Tax Summary - Total theoretical tax liability (Breakdown 1)
2011-12,502.5,2023,Macro Tax Summary - Total theoretical tax liability (Breakdown 1)
2011-12,502.3,2025,Macro Tax Summary - Total theoretical tax liability (Breakdown 1)
2012-13,505.4,2023,Macro Tax Summary - Total theoretical tax liability (Breakdown 1)
2012-13,505.4,2025,Macro Tax Summary - Total theoretical tax liability (Breakdown 1)
2013-14,528.8,2023,Macro Tax Summary - Total theoretical tax liability (Breakdown 1)
2013-14,528.3,2025,Macro Tax Summary - Total theoretical tax liability (Breakdown 1)
2014-15,549.5,2023,Macro Tax Summary - Total theoretical tax liability (Breakdown 1)
2014-15,546.2,2025,Macro Tax Summary - Total theoretical tax liability (Breakdown 1)
2015-16,567.7,2023,Macro Tax Summary - Total theoretical tax liability (Breakdown 1)
2015-16,568.6,2025,Macro Tax Summary - Total theoretical tax liability (Breakdown 1)
2016-17,601.0,2023,Macro Tax Summary - Total theoretical tax liability (Breakdown 1)
2016-17,598.5,2025,Macro Tax Summary - Total theoretical tax liability (Breakdown 1)
2017-18,624.4,2023,Macro Tax Summary - Total theoretical tax liability (Breakdown 1)
2017-18,625.2,2025,Macro Tax Summary - Total theoretical tax liability (Breakdown 1)
2018-19,650.6,2023,Macro Tax Summary - Total theoretical tax liability (Breakdown 1)
2018-19,650.2,2025,Macro Tax Summary - Total theoretical tax liability (Breakdown 1)
2019-20,658.1,2023,Macro Tax Summary - Total theoretical tax liability (Breakdown 1)
2019-20,664.8,2025,Macro Tax Summary - Total theoretical tax liability (Breakdown 1)
2020-21,642.9,2023,Macro Tax Summary - Total theoretical tax liability (Breakdown 1)
2020-21,642.2,2025,Macro Tax Summary - Total theoretical tax liability (Breakdown 1)
2021-22,739.3,2023,Macro Tax Summary - Total theoretical tax liability (Breakdown 1)
2021-22,743.3,2025,Macro Tax Summary - Total theoretical tax liability (Breakdown 1)
2022-23,822.3,2025,Macro Tax Summary - Total theoretical tax liability (Breakdown 1)
2023-24,876.0,2025,Macro Tax Summary - Total theoretical tax liability (Breakdown 1)
2005-06,11.6,2025,Macro Tax Summary - VAT (Breakdown 1)
2006-07,9.8,2025,Macro Tax Summary - VAT (Breakdown 1)
2007-08,9.0,2025,Macro Tax Summary - VAT (Breakdown 1)
2008-09,12.5,2025,Macro Tax Summary - VAT (Breakdown 1)
2009-10,9.7,2025,Macro Tax Summary - VAT (Breakdown 1)
2010-11,9.3,2025,Macro Tax Summary - VAT (Breakdown 1)
2011-12,11.4,2025,Macro Tax Summary - VAT (Breakdown 1)
2012-13,12.0,2025,Macro Tax Summary - VAT (Breakdown 1)
2013-14,12.9,2025,Macro Tax Summary - VAT (Breakdown 1)
2014-15,11.5,2025,Macro Tax Summary - VAT (Breakdown 1)
2015-16,10.9,2025,Macro Tax Summary - VAT (Breakdown 1)
2016-17,11.4,2025,Macro Tax Summary - VAT (Breakdown 1)
2017-18,11.2,2025,Macro Tax Summary - VAT (Breakdown 1)
2018-19,9.7,2025,Macro Tax Summary - VAT (Breakdown 1)
2019-20,12.0,2025,Macro Tax Summary - VAT (Breakdown 1)
2020-21,7.0,2025,Macro Tax Summary - VAT (Breakdown 1)
2021-22,8.4,2025,Macro Tax Summary - VAT (Breakdown 1)
2022-23,13.1,2025,Macro Tax Summary - VAT (Breakdown 1)
2023-24,8.9,2025,Macro Tax Summary - VAT (Breakdown 1)
2005-06,12.0,2022,Macro Tax Summary - Value Added Tax (Breakdown 1)
2005-06,11.9,2023,Macro Tax Summary - Value Added Tax (Breakdown 1)
2006-07,10.7,2022,Macro Tax Summary - Value Added Tax (Breakdown 1)
2006-07,9.7,2023,Macro Tax Summary - Value Added Tax (Breakdown 1)
2007-08,10.2,2022,Macro Tax Summary - Value Added Tax (Breakdown 1)
2007-08,9.1,2023,Macro Tax Summary - Value Added Tax (Breakdown 1)
2008-09,13.9,2022,Macro Tax Summary - Value Added Tax (Breakdown 1)
2008-09,13.2,2023,Macro Tax Summary - Value Added Tax (Breakdown 1)
2009-10,10.4,2022,Macro Tax Summary - Value Added Tax (Breakdown 1)
2009-10,10.0,2023,Macro Tax Summary - Value Added Tax (Breakdown 1)
2010-11,10.6,2022,Macro Tax Summary - Value Added Tax (Breakdown 1)
2010-11,9.6,2023,Macro Tax Summary - Value Added Tax (Breakdown 1)
2011-12,12.8,2022,Macro Tax Summary - Value Added Tax (Breakdown 1)
2011-12,11.8,2023,Macro Tax Summary - Value Added Tax (Breakdown 1)
2012-13,13.2,2022,Macro Tax Summary - Value Added Tax (Breakdown 1)
2012-13,12.3,2023,Macro Tax Summary - Value Added Tax (Breakdown 1)
2013-14,14.1,2022,Macro Tax Summary - Value Added Tax (Breakdown 1)
2013-14,13.4,2023,Macro Tax Summary - Value Added Tax (Breakdown 1)
2014-15,12.8,2022,Macro Tax Summary - Value Added Tax (Breakdown 1)
2014-15,12.0,2023,Macro Tax Summary - Value Added Tax (Breakdown 1)
2015-16,11.8,2022,Macro Tax Summary - Value Added Tax (Breakdown 1)
2015-16,10.8,2023,Macro Tax Summary - Value Added Tax (Breakdown 1)
2016-17,12.1,2022,Macro Tax Summary - Value Added Tax (Breakdown 1)
2016-17,11.7,2023,Macro Tax Summary - Value Added Tax (Breakdown 1)
2017-18,11.0,2022,Macro Tax Summary - Value Added Tax (Breakdown 1)
2017-18,10.6,2023,Macro Tax Summary - Value Added Tax (Breakdown 1)
2018-19,9.5,2022,Macro Tax Summary - Value Added Tax (Breakdown 1)
2018-19,9.0,2023,Macro Tax Summary - Value Added Tax (Breakdown 1)
2019-20,12.5,2022,Macro Tax Summary - Value Added Tax (Breakdown 1)
2019-20,11.3,2023,Macro Tax Summary - Value Added Tax (Breakdown 1)
2020-21,9.0,2022,Macro Tax Summary - Value Added Tax (Breakdown 1)
2020-21,6.3,2023,Macro Tax Summary - Value Added Tax (Breakdown 1)
2021-22,7.6,2023,Macro Tax Summary - Value Added Tax (Breakdown 1)
2005-06,72.9,2022,VAT Detail - Net VAT receipts (Breakdown 1)
2006-07,77.4,2022,VAT Detail - Net VAT receipts (Breakdown 1)
2007-08,80.6,2022,VAT Detail - Net VAT receipts (Breakdown 1)
2008-09,78.8,2022,VAT Detail - Net VAT receipts (Breakdown 1)
2009-10,70.1,2022,VAT Detail - Net VAT receipts (Breakdown 1)
2010-11,83.5,2022,VAT Detail - Net VAT receipts (Breakdown 1)
2011-12,98.3,2022,VAT Detail - Net VAT receipts (Breakdown 1)
2012-13,100.6,2022,VAT Detail - Net VAT receipts (Breakdown 1)
2013-14,104.8,2022,VAT Detail - Net VAT receipts (Breakdown 1)
2014-15,111.4,2022,VAT Detail - Net VAT receipts (Breakdown 1)
2015-16,114.9,2022,VAT Detail - Net VAT receipts (Breakdown 1)
2016-17,119.8,2022,VAT Detail - Net VAT receipts (Breakdown 1)
2017-18,126.5,2022,VAT Detail - Net VAT receipts (Breakdown 1)
2018-19,132.5,2022,VAT Detail - Net VAT receipts (Breakdown 1)
2019-20,130.1,2022,VAT Detail - Net VAT receipts (Breakdown 1)
2020-21,101.4,2022,VAT Detail - Net VAT receipts (Breakdown 1)
2005-06,72.9,2022,VAT Detail - Net VAT receipts (with adjustment for VAT payments deferral) (Breakdown 1)
2006-07,77.4,2022,VAT Detail - Net VAT receipts (with adjustment for VAT payments deferral) (Breakdown 1)
2007-08,80.6,2022,VAT Detail - Net VAT receipts (with adjustment for VAT payments deferral) (Breakdown 1)
2008-09,78.8,2022,VAT Detail - Net VAT receipts (with adjustment for VAT payments deferral) (Breakdown 1)
2009-10,70.1,2022,VAT Detail - Net VAT receipts (with adjustment for VAT payments deferral) (Breakdown 1)
2010-11,83.5,2022,VAT Detail - Net VAT receipts (with adjustment for VAT payments deferral) (Breakdown 1)
2011-12,98.3,2022,VAT Detail - Net VAT receipts (with adjustment for VAT payments deferral) (Breakdown 1)
2012-13,100.6,2022,VAT Detail - Net VAT receipts (with adjustment for VAT payments deferral) (Breakdown 1)
2013-14,104.8,2022,VAT Detail - Net VAT receipts (with adjustment for VAT payments deferral) (Breakdown 1)
2014-15,111.4,2022,VAT Detail - Net VAT receipts (with adjustment for VAT payments deferral) (Breakdown 1)
2015-16,114.9,2022,VAT Detail - Net VAT receipts (with adjustment for VAT payments deferral) (Breakdown 1)
2016-17,119.8,2022,VAT Detail - Net VAT receipts (with adjustment for VAT payments deferral) (Breakdown 1)
2017-18,126.5,2022,VAT Detail - Net VAT receipts (with adjustment for VAT payments deferral) (Breakdown 1)
2018-19,132.5,2022,VAT Detail - Net VAT receipts (with adjustment for VAT payments deferral) (Breakdown 1)
2019-20,135.1,2022,VAT Detail - Net VAT receipts (with adjustment for VAT payments deferral) (Breakdown 1)
2020-21,120.4,2022,VAT Detail - Net VAT receipts (with adjustment for VAT payments deferral) (Breakdown 1)
2005-06,84.9,2022,VAT Detail - Net VTTL (Breakdown 1)
2006-07,88.1,2022,VAT Detail - Net VTTL (Breakdown 1)
2007-08,90.8,2022,VAT Detail - Net VTTL (Breakdown 1)
2008-09,92.7,2022,VAT Detail - Net VTTL (Breakdown 1)
2009-10,80.5,2022,VAT Detail - Net VTTL (Breakdown 1)
2010-11,94.1,2022,VAT Detail - Net VTTL (Breakdown 1)
2011-12,111.1,2022,VAT Detail - Net VTTL (Breakdown 1)
2012-13,113.9,2022,VAT Detail - Net VTTL (Breakdown 1)
2013-14,118.8,2022,VAT Detail - Net VTTL (Breakdown 1)
2014-15,124.3,2022,VAT Detail - Net VTTL (Breakdown 1)
2015-16,126.7,2022,VAT Detail - Net VTTL (Breakdown 1)
2016-17,131.8,2022,VAT Detail - Net VTTL (Breakdown 1)
2017-18,137.4,2022,VAT Detail - Net VTTL (Breakdown 1)
2018-19,142.0,2022,VAT Detail - Net VTTL (Breakdown 1)
2019-20,147.6,2022,VAT Detail - Net VTTL (Breakdown 1)
2020-21,129.4,2022,VAT Detail - Net VTTL (Breakdown 1)
2005-06,84.8,2023,VAT Detail - Theoretical VAT liability (Breakdown 1)
2005-06,84.6,2025,VAT Detail - Theoretical VAT liability (Breakdown 1)
2006-07,87.1,2023,VAT Detail - Theoretical VAT liability (Breakdown 1)
2006-07,87.1,2025,VAT Detail - Theoretical VAT liability (Breakdown 1)
2007-08,89.7,2023,VAT Detail - Theoretical VAT liability (Breakdown 1)
2007-08,89.6,2025,VAT Detail - Theoretical VAT liability (Breakdown 1)
2008-09,92.1,2023,VAT Detail - Theoretical VAT liability (Breakdown 1)
2008-09,91.4,2025,VAT Detail - Theoretical VAT liability (Breakdown 1)
2009-10,80.1,2023,VAT Detail - Theoretical VAT liability (Breakdown 1)
2009-10,79.8,2025,VAT Detail - Theoretical VAT liability (Breakdown 1)
2010-11,93.1,2023,VAT Detail - Theoretical VAT liability (Breakdown 1)
2010-11,92.9,2025,VAT Detail - Theoretical VAT liability (Breakdown 1)
2011-12,110.1,2023,VAT Detail - Theoretical VAT liability (Breakdown 1)
2011-12,109.7,2025,VAT Detail - Theoretical VAT liability (Breakdown 1)
2012-13,112.9,2023,VAT Detail - Theoretical VAT liability (Breakdown 1)
2012-13,112.6,2025,VAT Detail - Theoretical VAT liability (Breakdown 1)
2013-14,118.1,2023,VAT Detail - Theoretical VAT liability (Breakdown 1)
2013-14,117.7,2025,VAT Detail - Theoretical VAT liability (Breakdown 1)
2014-15,123.4,2023,VAT Detail - Theoretical VAT liability (Breakdown 1)
2014-15,122.9,2025,VAT Detail - Theoretical VAT liability (Breakdown 1)
2015-16,125.7,2023,VAT Detail - Theoretical VAT liability (Breakdown 1)
2015-16,125.8,2025,VAT Detail - Theoretical VAT liability (Breakdown 1)
2016-17,131.4,2023,VAT Detail - Theoretical VAT liability (Breakdown 1)
2016-17,131.2,2025,VAT Detail - Theoretical VAT liability (Breakdown 1)
2017-18,137.1,2023,VAT Detail - Theoretical VAT liability (Breakdown 1)
2017-18,137.6,2025,VAT Detail - Theoretical VAT liability (Breakdown 1)
2018-19,141.5,2023,VAT Detail - Theoretical VAT liability (Breakdown 1)
2018-19,142.2,2025,VAT Detail - Theoretical VAT liability (Breakdown 1)
2019-20,146.1,2023,VAT Detail - Theoretical VAT liability (Breakdown 1)
2019-20,146.8,2025,VAT Detail - Theoretical VAT liability (Breakdown 1)
2020-21,127.0,2023,VAT Detail - Theoretical VAT liability (Breakdown 1)
2020-21,127.6,2025,VAT Detail - Theoretical VAT liability (Breakdown 1)
2021-22,141.7,2023,VAT Detail - Theoretical VAT liability (Breakdown 1)
2021-22,143.2,2025,VAT Detail - Theoretical VAT liability (Breakdown 1)
2022-23,169.5,2025,VAT Detail - Theoretical VAT liability (Breakdown 1)
2023-24,176.5,2025,VAT Detail - Theoretical VAT liability (Breakdown 1)
2005-06,0.141,2022,VAT Detail - VAT gap % (Breakdown 1)
2006-07,0.122,2022,VAT Detail - VAT gap % (Breakdown 1)
2007-08,0.113,2022,VAT Detail - VAT gap % (Breakdown 1)
2008-09,0.15,2022,VAT Detail - VAT gap % (Breakdown 1)
2009-10,0.129,2022,VAT Detail - VAT gap % (Breakdown 1)
2010-11,0.112,2022,VAT Detail - VAT gap % (Breakdown 1)
2011-12,0.115,2022,VAT Detail - VAT gap % (Breakdown 1)
2012-13,0.116,2022,VAT Detail - VAT gap % (Breakdown 1)
2013-14,0.118,2022,VAT Detail - VAT gap % (Breakdown 1)
2014-15,0.103,2022,VAT Detail - VAT gap % (Breakdown 1)
2015-16,0.093,2022,VAT Detail - VAT gap % (Breakdown 1)
2016-17,0.091,2022,VAT Detail - VAT gap % (Breakdown 1)
2017-18,0.08,2022,VAT Detail - VAT gap % (Breakdown 1)
2018-19,0.067,2022,VAT Detail - VAT gap % (Breakdown 1)
2019-20,0.085,2022,VAT Detail - VAT gap % (Breakdown 1)
2020-21,0.07,2022,VAT Detail - VAT gap % (Breakdown 1)
2005-06,12.0,2022,VAT Detail - VAT gap (Breakdown 1)
2005-06,11.9,2023,VAT Detail - VAT gap (Breakdown 1)
2005-06,11.6,2025,VAT Detail - VAT gap (Breakdown 1)
2006-07,10.7,2022,VAT Detail - VAT gap (Breakdown 1)
2006-07,9.7,2023,VAT Detail - VAT gap (Breakdown 1)
2006-07,9.8,2025,VAT Detail - VAT gap (Breakdown 1)
2007-08,10.2,2022,VAT Detail - VAT gap (Breakdown 1)
2007-08,9.1,2023,VAT Detail - VAT gap (Breakdown 1)
2007-08,9.0,2025,VAT Detail - VAT gap (Breakdown 1)
2008-09,13.9,2022,VAT Detail - VAT gap (Breakdown 1)
2008-09,13.2,2023,VAT Detail - VAT gap (Breakdown 1)
2008-09,12.5,2025,VAT Detail - VAT gap (Breakdown 1)
2009-10,10.4,2022,VAT Detail - VAT gap (Breakdown 1)
2009-10,10.0,2023,VAT Detail - VAT gap (Breakdown 1)
2009-10,9.7,2025,VAT Detail - VAT gap (Breakdown 1)
2010-11,10.6,2022,VAT Detail - VAT gap (Breakdown 1)
2010-11,9.6,2023,VAT Detail - VAT gap (Breakdown 1)
2010-11,9.3,2025,VAT Detail - VAT gap (Breakdown 1)
2011-12,12.8,2022,VAT Detail - VAT gap (Breakdown 1)
2011-12,11.8,2023,VAT Detail - VAT gap (Breakdown 1)
2011-12,11.4,2025,VAT Detail - VAT gap (Breakdown 1)
2012-13,13.2,2022,VAT Detail - VAT gap (Breakdown 1)
2012-13,12.3,2023,VAT Detail - VAT gap (Breakdown 1)
2012-13,12.0,2025,VAT Detail - VAT gap (Breakdown 1)
2013-14,14.1,2022,VAT Detail - VAT gap (Breakdown 1)
2013-14,13.4,2023,VAT Detail - VAT gap (Breakdown 1)
2013-14,12.9,2025,VAT Detail - VAT gap (Breakdown 1)
2014-15,12.8,2022,VAT Detail - VAT gap (Breakdown 1)
2014-15,12.0,2023,VAT Detail - VAT gap (Breakdown 1)
2014-15,11.5,2025,VAT Detail - VAT gap (Breakdown 1)
2015-16,11.8,2022,VAT Detail - VAT gap (Breakdown 1)
2015-16,10.8,2023,VAT Detail - VAT gap (Breakdown 1)
2015-16,10.9,2025,VAT Detail - VAT gap (Breakdown 1)
2016-17,12.1,2022,VAT Detail - VAT gap (Breakdown 1)
2016-17,11.7,2023,VAT Detail - VAT gap (Breakdown 1)
2016-17,11.4,2025,VAT Detail - VAT gap (Breakdown 1)
2017-18,11.0,2022,VAT Detail - VAT gap (Breakdown 1)
2017-18,10.6,2023,VAT Detail - VAT gap (Breakdown 1)
2017-18,11.2,2025,VAT Detail - VAT gap (Breakdown 1)
2018-19,9.5,2022,VAT Detail - VAT gap (Breakdown 1)
2018-19,9.0,2023,VAT Detail - VAT gap (Breakdown 1)
2018-19,9.7,2025,VAT Detail - VAT gap (Breakdown 1)
2019-20,12.5,2022,VAT Detail - VAT gap (Breakdown 1)
2019-20,11.3,2023,VAT Detail - VAT gap (Breakdown 1)
2019-20,12.0,2025,VAT Detail - VAT gap (Breakdown 1)
2020-21,9.0,2022,VAT Detail - VAT gap (Breakdown 1)
2020-21,6.3,2023,VAT Detail - VAT gap (Breakdown 1)
2020-21,7.0,2025,VAT Detail - VAT gap (Breakdown 1)
2021-22,7.6,2023,VAT Detail - VAT gap (Breakdown 1)
2021-22,8.4,2025,VAT Detail - VAT gap (Breakdown 1)
2022-23,13.1,2025,VAT Detail - VAT gap (Breakdown 1)
2023-24,8.9,2025,VAT Detail - VAT gap (Breakdown 1)
2005-06,0.9,2025,VAT Detail - VAT gap of which non-payment (Breakdown 1)
2006-07,0.9,2025,VAT Detail - VAT gap of which non-payment (Breakdown 1)
2007-08,0.8,2022,VAT Detail - VAT gap of which non-payment (Breakdown 1)
2007-08,0.8,2023,VAT Detail - VAT gap of which non-payment (Breakdown 1)
2007-08,0.8,2025,VAT Detail - VAT gap of which non-payment (Breakdown 1)
2008-09,2.4,2022,VAT Detail - VAT gap of which non-payment (Breakdown 1)
2008-09,2.4,2023,VAT Detail - VAT gap of which non-payment (Breakdown 1)
2008-09,2.4,2025,VAT Detail - VAT gap of which non-payment (Breakdown 1)
2009-10,1.8,2022,VAT Detail - VAT gap of which non-payment (Breakdown 1)
2009-10,1.8,2023,VAT Detail - VAT gap of which non-payment (Breakdown 1)
2009-10,1.8,2025,VAT Detail - VAT gap of which non-payment (Breakdown 1)
2010-11,0.9,2022,VAT Detail - VAT gap of which non-payment (Breakdown 1)
2010-11,0.9,2023,VAT Detail - VAT gap of which non-payment (Breakdown 1)
2010-11,0.9,2025,VAT Detail - VAT gap of which non-payment (Breakdown 1)
2011-12,1.8,2022,VAT Detail - VAT gap of which non-payment (Breakdown 1)
2011-12,1.8,2023,VAT Detail - VAT gap of which non-payment (Breakdown 1)
2011-12,1.8,2025,VAT Detail - VAT gap of which non-payment (Breakdown 1)
2012-13,1.3,2022,VAT Detail - VAT gap of which non-payment (Breakdown 1)
2012-13,1.3,2023,VAT Detail - VAT gap of which non-payment (Breakdown 1)
2012-13,1.3,2025,VAT Detail - VAT gap of which non-payment (Breakdown 1)
2013-14,1.2,2022,VAT Detail - VAT gap of which non-payment (Breakdown 1)
2013-14,1.2,2023,VAT Detail - VAT gap of which non-payment (Breakdown 1)
2013-14,1.2,2025,VAT Detail - VAT gap of which non-payment (Breakdown 1)
2014-15,1.5,2022,VAT Detail - VAT gap of which non-payment (Breakdown 1)
2014-15,1.5,2023,VAT Detail - VAT gap of which non-payment (Breakdown 1)
2014-15,1.5,2025,VAT Detail - VAT gap of which non-payment (Breakdown 1)
2015-16,1.6,2022,VAT Detail - VAT gap of which non-payment (Breakdown 1)
2015-16,1.6,2023,VAT Detail - VAT gap of which non-payment (Breakdown 1)
2015-16,1.6,2025,VAT Detail - VAT gap of which non-payment (Breakdown 1)
2016-17,1.5,2022,VAT Detail - VAT gap of which non-payment (Breakdown 1)
2016-17,1.5,2023,VAT Detail - VAT gap of which non-payment (Breakdown 1)
2016-17,1.5,2025,VAT Detail - VAT gap of which non-payment (Breakdown 1)
2017-18,2.2,2022,VAT Detail - VAT gap of which non-payment (Breakdown 1)
2017-18,1.6,2023,VAT Detail - VAT gap of which non-payment (Breakdown 1)
2017-18,1.6,2025,VAT Detail - VAT gap of which non-payment (Breakdown 1)
2018-19,2.2,2022,VAT Detail - VAT gap of which non-payment (Breakdown 1)
2018-19,1.6,2023,VAT Detail - VAT gap of which non-payment (Breakdown 1)
2018-19,1.6,2025,VAT Detail - VAT gap of which non-payment (Breakdown 1)
2019-20,2.9,2022,VAT Detail - VAT gap of which non-payment (Breakdown 1)
2019-20,2.2,2023,VAT Detail - VAT gap of which non-payment (Breakdown 1)
2019-20,2.2,2025,VAT Detail - VAT gap of which non-payment (Breakdown 1)
2020-21,3.7,2022,VAT Detail - VAT gap of which non-payment (Breakdown 1)
2020-21,2.4,2023,VAT Detail - VAT gap of which non-payment (Breakdown 1)
2020-21,2.4,2025,VAT Detail - VAT gap of which non-payment (Breakdown 1)
2021-22,2.3,2023,VAT Detail - VAT gap of which non-payment (Breakdown 1)
2021-22,2.6,2025,VAT Detail - VAT gap of which non-payment (Breakdown 1)
2022-23,3.6,2025,VAT Detail - VAT gap of which non-payment (Breakdown 1)
2023-24,2.5,2025,VAT Detail - VAT gap of which non-payment (Breakdown 1)
2005-06,72.9,2023,VAT Detail - VAT receipts (Breakdown 1)
2005-06,72.9,2025,VAT Detail - VAT receipts (Breakdown 1)
2006-07,77.4,2023,VAT Detail - VAT receipts (Breakdown 1)
2006-07,77.4,2025,VAT Detail - VAT receipts (Breakdown 1)
2007-08,80.6,2023,VAT Detail - VAT receipts (Breakdown 1)
2007-08,80.6,2025,VAT Detail - VAT receipts (Breakdown 1)
2008-09,78.8,2023,VAT Detail - VAT receipts (Breakdown 1)
2008-09,78.8,2025,VAT Detail - VAT receipts (Breakdown 1)
2009-10,70.1,2023,VAT Detail - VAT receipts (Breakdown 1)
2009-10,70.1,2025,VAT Detail - VAT receipts (Breakdown 1)
2010-11,83.5,2023,VAT Detail - VAT receipts (Breakdown 1)
2010-11,83.5,2025,VAT Detail - VAT receipts (Breakdown 1)
2011-12,98.3,2023,VAT Detail - VAT receipts (Breakdown 1)
2011-12,98.3,2025,VAT Detail - VAT receipts (Breakdown 1)
2012-13,100.6,2023,VAT Detail - VAT receipts (Breakdown 1)
2012-13,100.6,2025,VAT Detail - VAT receipts (Breakdown 1)
2013-14,104.8,2023,VAT Detail - VAT receipts (Breakdown 1)
2013-14,104.8,2025,VAT Detail - VAT receipts (Breakdown 1)
2014-15,111.4,2023,VAT Detail - VAT receipts (Breakdown 1)
2014-15,111.4,2025,VAT Detail - VAT receipts (Breakdown 1)
2015-16,114.9,2023,VAT Detail - VAT receipts (Breakdown 1)
2015-16,114.9,2025,VAT Detail - VAT receipts (Breakdown 1)
2016-17,119.8,2023,VAT Detail - VAT receipts (Breakdown 1)
2016-17,119.8,2025,VAT Detail - VAT receipts (Breakdown 1)
2017-18,126.5,2023,VAT Detail - VAT receipts (Breakdown 1)
2017-18,126.5,2025,VAT Detail - VAT receipts (Breakdown 1)
2018-19,132.5,2023,VAT Detail - VAT receipts (Breakdown 1)
2018-19,132.5,2025,VAT Detail - VAT receipts (Breakdown 1)
2019-20,129.8,2023,VAT Detail - VAT receipts (Breakdown 1)
2019-20,129.8,2025,VAT Detail - VAT receipts (Breakdown 1)
2020-21,101.6,2023,VAT Detail - VAT receipts (Breakdown 1)
2020-21,101.6,2025,VAT Detail - VAT receipts (Breakdown 1)
2021-22,157.5,2023,VAT Detail - VAT receipts (Breakdown 1)
2021-22,157.5,2025,VAT Detail - VAT receipts (Breakdown 1)
2022-23,158.0,2025,VAT Detail - VAT receipts (Breakdown 1)
2023-24,168.3,2025,VAT Detail - VAT receipts (Breakdown 1)
2005-06,72.9,2023,VAT Detail - VAT receipts (with adjustment for VAT payments deferral) (Breakdown 1)
2005-06,72.9,2025,VAT Detail - VAT receipts (with adjustment for VAT payments deferral) (Breakdown 1)
2006-07,77.4,2023,VAT Detail - VAT receipts (with adjustment for VAT payments deferral) (Breakdown 1)
2006-07,77.4,2025,VAT Detail - VAT receipts (with adjustment for VAT payments deferral) (Breakdown 1)
2007-08,80.6,2023,VAT Detail - VAT receipts (with adjustment for VAT payments deferral) (Breakdown 1)
2007-08,80.6,2025,VAT Detail - VAT receipts (with adjustment for VAT payments deferral) (Breakdown 1)
2008-09,78.8,2023,VAT Detail - VAT receipts (with adjustment for VAT payments deferral) (Breakdown 1)
2008-09,78.8,2025,VAT Detail - VAT receipts (with adjustment for VAT payments deferral) (Breakdown 1)
2009-10,70.1,2023,VAT Detail - VAT receipts (with adjustment for VAT payments deferral) (Breakdown 1)
2009-10,70.1,2025,VAT Detail - VAT receipts (with adjustment for VAT payments deferral) (Breakdown 1)
2010-11,83.5,2023,VAT Detail - VAT receipts (with adjustment for VAT payments deferral) (Breakdown 1)
2010-11,83.5,2025,VAT Detail - VAT receipts (with adjustment for VAT payments deferral) (Breakdown 1)
2011-12,98.3,2023,VAT Detail - VAT receipts (with adjustment for VAT payments deferral) (Breakdown 1)
2011-12,98.3,2025,VAT Detail - VAT receipts (with adjustment for VAT payments deferral) (Breakdown 1)
2012-13,100.6,2023,VAT Detail - VAT receipts (with adjustment for VAT payments deferral) (Breakdown 1)
2012-13,100.6,2025,VAT Detail - VAT receipts (with adjustment for VAT payments deferral) (Breakdown 1)
2013-14,104.8,2023,VAT Detail - VAT receipts (with adjustment for VAT payments deferral) (Breakdown 1)
2013-14,104.8,2025,VAT Detail - VAT receipts (with adjustment for VAT payments deferral) (Breakdown 1)
2014-15,111.4,2023,VAT Detail - VAT receipts (with adjustment for VAT payments deferral) (Breakdown 1)
2014-15,111.4,2025,VAT Detail - VAT receipts (with adjustment for VAT payments deferral) (Breakdown 1)
2015-16,114.9,2023,VAT Detail - VAT receipts (with adjustment for VAT payments deferral) (Breakdown 1)
2015-16,114.9,2025,VAT Detail - VAT receipts (with adjustment for VAT payments deferral) (Breakdown 1)
2016-17,119.8,2023,VAT Detail - VAT receipts (with adjustment for VAT payments deferral) (Breakdown 1)
2016-17,119.8,2025,VAT Detail - VAT receipts (with adjustment for VAT payments deferral) (Breakdown 1)
2017-18,126.5,2023,VAT Detail - VAT receipts (with adjustment for VAT payments deferral) (Breakdown 1)
2017-18,126.5,2025,VAT Detail - VAT receipts (with adjustment for VAT payments deferral) (Breakdown 1)
2018-19,132.5,2023,VAT Detail - VAT receipts (with adjustment for VAT payments deferral) (Breakdown 1)
2018-19,132.5,2025,VAT Detail - VAT receipts (with adjustment for VAT payments deferral) (Breakdown 1)
2019-20,134.8,2023,VAT Detail - VAT receipts (with adjustment for VAT payments deferral) (Breakdown 1)
2019-20,134.8,2025,VAT Detail - VAT receipts (with adjustment for VAT payments deferral) (Breakdown 1)
2020-21,120.6,2023,VAT Detail - VAT receipts (with adjustment for VAT payments deferral) (Breakdown 1)
2020-21,120.6,2025,VAT Detail - VAT receipts (with adjustment for VAT payments deferral) (Breakdown 1)
2021-22,134.2,2023,VAT Detail - VAT receipts (with adjustment for VAT payments deferral) (Breakdown 1)
2021-22,134.8,2025,VAT Detail - VAT receipts (with adjustment for VAT payments deferral) (Breakdown 1)
2022-23,156.4,2025,VAT Detail - VAT receipts (with adjustment for VAT payments deferral) (Breakdown 1)
2023-24,167.6,2025,VAT Detail - VAT receipts (with adjustment for VAT payments deferral) (Breakdown 1)
